source1_entity_id,matched_entity_ids
S1-714132312,"S2-131762854,S2-188157420,S2-365284937,S2-36973049,S2-376254859,S2-406131322,S2-723568545,S2-799374047,S2-902693916,S3-514503792,S3-521557639,S3-585052068,S3-76581442,S3-836630817,S3-933693766,S3-948321994,S3-954194052"
S1-106407869,"S2-157845190,S2-16149207,S2-189273846,S2-206048699,S2-215161590,S2-236420794,S2-262584446,S2-315515632,S2-321502572,S2-34329854,S2-395802601,S2-403611025,S2-410498594,S2-411773002,S2-438704568,S2-475128670,S2-486415357,S2-524068313,S2-53600006,S2-557944627,S2-56321998,S2-585703905,S2-61368935,S2-618990121,S2-621425641,S2-637036577,S2-663865134,S2-664573530,S2-666316775,S2-71544017,S2-723597531,S2-73238327,S2-734979295,S2-743673384,S2-747679396,S2-752910681,S2-754302744,S2-761208097,S2-774325912,S2-777971512,S2-798943569,S2-858360388,S2-858928482,S2-89970404,S2-909130034,S2-911919526,S2-928063745,S2-928376667,S2-943550088,S2-96975908,S2-972087927,S2-980552823,S3-106632444,S3-106739244,S3-155863840,S3-157922001,S3-216482370,S3-246353423,S3-247878585,S3-258295008,S3-261054764,S3-271129542,S3-283837786,S3-286097925,S3-288818284,S3-308389620,S3-317165971,S3-320986895,S3-396930838,S3-404982359,S3-411609589,S3-426144204,S3-43287379,S3-461771069,S3-463053952,S3-489881000,S3-500926282,S3-501915888,S3-506447991,S3-515256215,S3-534683320,S3-53535202,S3-555323241,S3-573486269,S3-57414953,S3-623045511,S3-627329272,S3-634479124,S3-679914871,S3-686832342,S3-689214610,S3-689467051,S3-695959763,S3-699474112,S3-700671201,S3-701320598,S3-706944390,S3-712703391,S3-735148308,S3-739497989,S3-759656363,S3-764309883,S3-776030941,S3-790882473,S3-806117796,S3-812853393,S3-823417113,S3-826439882,S3-831804871,S3-847328521,S3-871389748,S3-874213390,S3-893737840,S3-899013279,S3-923677479,S3-928813841"
S1-156285671,"S2-154073845,S2-184031148,S2-22755566,S2-261124471,S2-331825148,S2-406563194,S2-450793976,S2-508523305,S2-517125277,S2-564259126,S2-6254086,S2-673431509,S2-739146662,S2-792425759,S2-830240705,S2-90300054,S3-152643787,S3-201265934,S3-311423133,S3-358623759,S3-459302946,S3-475217030,S3-541896279,S3-561619614,S3-666769106,S3-697923136,S3-724698603,S3-727749384,S3-764187997,S3-812929525,S3-826195982,S3-840497684,S3-881734932"
S1-689823050,"S2-149894235,S2-167166712,S2-353554435,S2-427104827,S2-463154838,S2-716257709,S3-10157948,S3-184754721,S3-214769932,S3-224664825,S3-285186569,S3-298577564,S3-504830095,S3-686282427,S3-690490714,S3-72149779,S3-830626961,S3-851385884,S3-897002828"
S1-921369899,
S1-481669221,
S1-909865979,"S2-133375068,S2-229998662,S2-493403266,S2-518396562,S2-854261574,S2-905010895,S2-924441277,S2-973152754,S3-272169587,S3-277556149,S3-421329794,S3-435980075,S3-471603755,S3-613974661,S3-896959331,S3-96282598,S3-977827162"
S1-280204013,"S2-239077864,S2-304249721,S2-400057856,S2-404196250,S2-467419013,S2-479124662,S2-755410840,S2-921191764,S2-942852308,S2-956867829,S3-111769061,S3-284142859,S3-329034859,S3-364139807,S3-379918756,S3-41424492,S3-414301280,S3-503541384,S3-528367030,S3-594138007,S3-631926339,S3-652287374,S3-690466593,S3-746706865,S3-862501169,S3-869401113"
S1-742053041,"S2-947945521,S3-23295928,S3-710774320"
S1-913506265,"S2-138395721,S2-524434440,S3-936205344"
S1-479574617,"S3-188243264,S3-551501521,S3-872050970"
S1-680637447,"S2-114838518,S2-316417036,S2-353387,S2-600947347,S2-900141598,S3-262970827,S3-267796818,S3-405836558,S3-54567462,S3-683064127,S3-93997560"
S1-870190130,S3-424725759
S1-365170694,"S2-126214557,S2-159216667,S2-170295873,S2-230031163,S2-236315583,S2-295130212,S2-318070463,S2-325688160,S2-344823934,S2-357874611,S2-363645478,S2-389662181,S2-427033961,S2-444182535,S2-462426687,S2-60869404,S2-624748224,S2-664057214,S2-794792809,S2-828729653,S2-836194612,S2-909686204,S2-919303418,S2-924644317,S2-927747929,S2-93433749,S2-990799777,S3-121142716,S3-121200991,S3-144827769,S3-194192310,S3-203597893,S3-208560937,S3-211292250,S3-213502299,S3-219908431,S3-233875820,S3-253553780,S3-260829790,S3-334048432,S3-397162346,S3-434612342,S3-449063058,S3-47899669,S3-501605056,S3-546314986,S3-558347545,S3-566612737,S3-606752938,S3-631708837,S3-758699164,S3-894852525,S3-930246504,S3-955382355,S3-961258556,S3-965045972,S3-974588452,S3-989792741"
S1-778640743,S3-467616579
S1-378191895,"S2-10625583,S2-13410320,S2-157009014,S2-193192546,S2-328497332,S2-402516596,S2-411181492,S2-46759191,S2-483766529,S2-513076482,S2-530637870,S2-568886805,S2-597419769,S2-617790108,S2-640372480,S2-670633907,S2-6840429,S2-715903492,S2-754042431,S2-858886617,S2-875783981,S2-898180141,S2-91100310,S2-934647917,S2-941985225,S2-976003208,S3-102646557,S3-110576989,S3-169443509,S3-175195300,S3-175196117,S3-192443967,S3-211979601,S3-224768215,S3-224886259,S3-249852750,S3-257866797,S3-278902358,S3-300797169,S3-325328101,S3-382131782,S3-385762544,S3-392235540,S3-406429167,S3-446347465,S3-477683479,S3-481884781,S3-482668762,S3-531277614,S3-564156674,S3-695398336,S3-703119861,S3-736187592,S3-751196372,S3-787265093,S3-827520485,S3-833558750,S3-850456682,S3-919029749,S3-923077088,S3-941444216,S3-96710374,S3-99733471"
S1-684974736,"S2-110323481,S2-111008380,S2-129172293,S2-132358365,S2-147709425,S2-199927465,S2-207728587,S2-222841875,S2-252260114,S2-269699057,S2-274193796,S2-349333201,S2-384824595,S2-386449081,S2-4399119,S2-465082280,S2-506312279,S2-507348022,S2-508252114,S2-59413026,S2-675843528,S2-748973412,S2-751387140,S2-792305743,S2-864493818,S2-900732677,S2-90611927,S3-109895546,S3-209476203,S3-236584638,S3-275013845,S3-287743980,S3-331409641,S3-358788993,S3-613185838,S3-615413932,S3-765848181,S3-80717219,S3-882548907,S3-995455631"
S1-750279127,"S2-117832070,S2-167032048,S2-213810992,S2-216967133,S2-313422054,S2-320903178,S2-35053080,S2-40031969,S2-6245565,S2-643358718,S2-650014426,S2-719022841,S2-730808154,S2-738847239,S2-832593279,S2-854236250,S2-858329333,S3-201770309,S3-33066372,S3-355122519,S3-363404707,S3-364144498,S3-39049850,S3-406000210,S3-421120737,S3-423541227,S3-433777182,S3-446914696,S3-465765227,S3-484013061,S3-486001168,S3-533378094,S3-577568004,S3-578937065,S3-595604609,S3-596225469,S3-624835702,S3-736189326,S3-741815994,S3-822062943,S3-859705682,S3-866811231,S3-875650491,S3-889969441,S3-913749091,S3-925141302,S3-937004802,S3-983540086,S3-990182634"
S1-209281220,S2-595006863
S1-550154910,"S2-350720502,S2-441637872,S2-494447684,S2-645925142,S2-690789382,S2-848156443,S2-877940400,S2-905378431,S2-910593325,S2-962892499,S2-988974568,S3-22649261,S3-232613120,S3-251704853,S3-375249964,S3-400687465,S3-451183945,S3-487438667,S3-529817666,S3-786115151,S3-814153651,S3-960391568"
S1-897975128,"S2-113402402,S2-123619512,S2-171175266,S2-190352262,S2-209153801,S2-222623663,S2-24568141,S2-250014476,S2-27143152,S2-281556719,S2-306650860,S2-351842455,S2-420067037,S2-425713093,S2-430858444,S2-449087347,S2-57055668,S2-638175915,S2-674483606,S2-686646759,S2-742077842,S2-820001061,S2-862491071,S2-881817748,S2-892244202,S2-954289213,S2-961615370,S2-963234988,S2-989502579,S3-114310926,S3-140799815,S3-158738363,S3-160034364,S3-182934090,S3-189852702,S3-195222756,S3-223892140,S3-265837651,S3-281024625,S3-298614959,S3-396351747,S3-432114290,S3-464088678,S3-473952911,S3-488644227,S3-503707786,S3-537482917,S3-546043706,S3-565889608,S3-588860211,S3-604980231,S3-622147609,S3-62997805,S3-658695673,S3-666880223,S3-67441115,S3-674636143,S3-681153224,S3-692013567,S3-694705284,S3-69683959,S3-728580671,S3-732144046,S3-739593807,S3-744490400,S3-776479150,S3-781908461,S3-80022901,S3-80704059,S3-874603622,S3-895475645,S3-908592992,S3-917488760,S3-924648495,S3-927313266,S3-932867202,S3-956229766,S3-960164381,S3-975084483,S3-994013896"
S1-704604312,"S2-204785387,S2-313629376,S2-316275979,S2-329136729,S2-487175337,S2-521416591,S2-527310967,S2-566952289,S2-592136669,S2-731051338,S2-767185470,S2-830877340,S2-913604795,S2-957706216,S2-98091648,S3-165498277,S3-165538081,S3-412229266,S3-446284499,S3-622285560,S3-700113172,S3-868564920,S3-924952263,S3-956596252,S3-981292491"
S1-628750886,"S2-160986084,S2-302972238,S2-447678002,S2-492883772,S2-506757288,S2-550148735,S2-775293401,S2-903198863,S2-953827909,S2-997515179,S3-142369964,S3-165648305,S3-25149379,S3-300204637,S3-303920717,S3-358729746,S3-388016144,S3-433503214,S3-456867771,S3-583616612,S3-675207366,S3-765720263,S3-775245018,S3-805656406,S3-81487987,S3-831015506,S3-848757791,S3-87913378"
S1-714038427,"S2-112751482,S2-147064952,S2-200500029,S2-240618051,S2-2623009,S2-280604389,S2-281789460,S2-288235432,S2-393450091,S2-437738073,S2-440149266,S2-474006003,S2-488307048,S2-507823990,S2-593649118,S2-631088052,S2-64391842,S2-644849827,S2-664686791,S2-68167807,S2-68657614,S2-691730498,S2-715567313,S2-766119008,S2-771382366,S2-777016786,S2-782590463,S2-796595878,S2-802422468,S2-822263206,S2-827496675,S2-872510324,S2-922766412,S2-934653449,S2-938622109,S2-940449485,S2-948975873,S2-970133950,S2-996977263,S3-110623964,S3-126695875,S3-136439809,S3-152162011,S3-163587786,S3-185659081,S3-228571105,S3-229460955,S3-239094313,S3-24207745,S3-271028931,S3-280398472,S3-319901682,S3-332613541,S3-340205763,S3-364797912,S3-370839500,S3-389727691,S3-469272577,S3-473084249,S3-495548492,S3-510111655,S3-514834406,S3-532849556,S3-552667381,S3-570275864,S3-587353194,S3-592814124,S3-593888215,S3-602419751,S3-639922012,S3-685888132,S3-706185610,S3-741814281,S3-765252858,S3-768875452,S3-772819812,S3-793718263,S3-801127901,S3-869848509,S3-887371844,S3-926162063,S3-93444364,S3-947418479,S3-972884548,S3-989283048,S3-994732474"
S1-426194890,"S2-161174520,S2-186397510,S2-188422746,S2-262333602,S2-303061871,S2-330353581,S2-391392821,S2-45143463,S2-509621666,S2-51443909,S2-514887167,S2-555491217,S2-568342941,S2-648561550,S2-650480427,S2-703025452,S2-765042697,S2-8251464,S2-832103862,S2-860175086,S2-889090744,S2-932739715,S2-989826578,S3-109730840,S3-168899092,S3-171327312,S3-20479494,S3-220516595,S3-290793692,S3-303444603,S3-317079549,S3-336665534,S3-382771869,S3-387887485,S3-40439793,S3-49846869,S3-517593538,S3-579723113,S3-608421605,S3-613208616,S3-642273345,S3-663778217,S3-693276883,S3-74764413,S3-776296790,S3-824183219,S3-895038442,S3-921899956,S3-926407622,S3-995955488,S3-997450209"
S1-122385784,"S2-316613657,S2-356639544,S2-401243432,S3-173468473,S3-390930763,S3-618032159"
S1-540642140,"S2-124773017,S2-165811411,S2-183406541,S2-18373037,S2-19574277,S2-216373674,S2-220248812,S2-271369594,S2-316927869,S2-371984174,S2-374086598,S2-375564096,S2-434261899,S2-456514313,S2-517286309,S2-598312557,S2-670162547,S2-701271844,S2-737629555,S2-744098365,S2-842678300,S2-885493859,S2-904278175,S2-98712145,S3-123801729,S3-132198355,S3-198797861,S3-242645790,S3-265050748,S3-268397330,S3-358249200,S3-372570919,S3-374441171,S3-389986568,S3-492350994,S3-511956443,S3-532248119,S3-546746738,S3-576147302,S3-605923847,S3-609806731,S3-647541936,S3-65006793,S3-662956244,S3-669184485,S3-708655628,S3-73254804,S3-742213830,S3-76144293,S3-785354829,S3-787816527,S3-803349000,S3-803962989,S3-849510245,S3-876629945,S3-929042212"
S1-123475953,"S2-267778262,S2-389013354,S2-56132426,S2-661786365,S2-850661460,S2-861149403,S2-897173190,S3-15891392,S3-160900035,S3-211112674,S3-289710105,S3-373977048,S3-613991246,S3-672260076,S3-74583210,S3-757331862"
S1-444801830,S3-894620314
S1-502376041,"S2-146884818,S2-183228612,S2-432791674,S2-544600610,S2-551281247,S2-570659889,S2-699955127,S2-906447487,S2-937221083,S3-157836845,S3-378081402,S3-614142049,S3-663334599,S3-797638440,S3-857044383,S3-951932532"
S1-594021398,
S1-261170522,"S2-112256469,S2-427104827,S2-441210915,S2-463154838,S2-573984958,S2-649935661,S2-685963875,S3-216502740,S3-374770121,S3-411235385,S3-469064442,S3-504830095,S3-537931854,S3-581467188,S3-59175053,S3-617120387,S3-659583270,S3-689205987,S3-72453444,S3-938325408,S3-992784512"
S1-466641145,"S2-342790091,S2-558799392,S2-987367461,S3-367727512"
S1-99245709,"S2-108174666,S2-353788887,S2-399383689,S2-57354884,S2-686130234,S2-815602099,S3-563283148,S3-592884814,S3-867565104,S3-978325093"
S1-339015166,S2-376340088
S1-614259237,"S2-100738499,S2-742248963,S2-781365676,S3-551960298,S3-635826736"
S1-385801270,"S2-107418742,S2-109539699,S2-114819826,S2-128111951,S2-135243872,S2-14402848,S2-145829759,S2-164531605,S2-167767391,S2-169701692,S2-173133274,S2-173779782,S2-190626276,S2-191481826,S2-203099050,S2-205139630,S2-210004230,S2-210128326,S2-215194266,S2-235440626,S2-242899863,S2-260432495,S2-273602723,S2-275916855,S2-300443218,S2-30841845,S2-312571712,S2-313017868,S2-313116693,S2-318919619,S2-324878996,S2-327038228,S2-330582538,S2-331301868,S2-339363122,S2-350216748,S2-350763791,S2-362945702,S2-369952160,S2-393776645,S2-399597228,S2-442249232,S2-459873619,S2-4736195,S2-496470215,S2-502124284,S2-520446197,S2-521485245,S2-522232069,S2-532673061,S2-536110477,S2-540484257,S2-544508980,S2-562809857,S2-56332059,S2-573152653,S2-578123784,S2-584072405,S2-588949756,S2-594549752,S2-613021953,S2-626761254,S2-641203198,S2-646218526,S2-648711084,S2-649106539,S2-649527645,S2-66062632,S2-66500273,S2-673839840,S2-676069227,S2-688289355,S2-692706048,S2-692712904,S2-708074908,S2-715732233,S2-719012861,S2-730501929,S2-740137143,S2-740817002,S2-762033087,S2-776085512,S2-791497609,S2-80378125,S2-836200784,S2-841506196,S2-842759413,S2-847183876,S2-850461049,S2-860308685,S2-865296385,S2-870945320,S2-883609516,S2-888475867,S2-904181183,S2-910989271,S2-913706007,S2-917596702,S2-925529960,S2-937764705,S2-939075704,S2-954535283,S2-961333344,S2-96360254,S2-971258085,S2-973605948,S2-974479697,S2-975502236,S3-105004839,S3-108478336,S3-112578911,S3-130647528,S3-147552858,S3-156593466,S3-156752988,S3-158241940,S3-175518642,S3-191221379,S3-194722289,S3-20068189,S3-200990940,S3-202823159,S3-20929682,S3-231600993,S3-232522282,S3-24106355,S3-246213234,S3-26420942,S3-279094000,S3-282893989,S3-287055888,S3-290413216,S3-293044075,S3-29884065,S3-322521482,S3-328139718,S3-331103538,S3-331682865,S3-33319226,S3-337485611,S3-355624203,S3-368173526,S3-378256389,S3-382438697,S3-382810489,S3-383120400,S3-389768246,S3-394918230,S3-409858322,S3-426841379,S3-467817208,S3-47009723,S3-472844940,S3-492683621,S3-494441152,S3-502258413,S3-509179895,S3-510965154,S3-521749212,S3-525190567,S3-525538098,S3-525968369,S3-527637435,S3-546827025,S3-550258019,S3-550924563,S3-552982016,S3-562027096,S3-570537930,S3-591345107,S3-604975362,S3-659442689,S3-672183258,S3-673073998,S3-706299937,S3-710134077,S3-714549028,S3-722419512,S3-753931999,S3-765121353,S3-790195041,S3-806928667,S3-811404849,S3-815207407,S3-827655165,S3-834496956,S3-85329138,S3-862753957,S3-870758493,S3-873113499,S3-880473311,S3-884158250,S3-894132922,S3-902200356,S3-910032888,S3-912388860,S3-966654730,S3-970962019,S3-976348405,S3-978287417,S3-995946076"
S1-334672926,S2-189188919
S1-717749279,"S2-13072938,S2-13682032,S2-20869901,S2-216581706,S2-225590910,S2-234233670,S2-247738094,S2-452245743,S2-482075294,S2-527070234,S2-595279885,S2-704784114,S2-711709039,S2-748226846,S2-787653819,S2-790883248,S2-795638586,S2-816390814,S2-829602188,S2-876889991,S2-896679036,S2-913195122,S2-916091647,S2-926387302,S2-940240220,S2-991736902,S3-101410302,S3-170859479,S3-174497076,S3-213603178,S3-226788061,S3-233941087,S3-235024831,S3-263237696,S3-280541618,S3-281302626,S3-287919006,S3-302566298,S3-318930254,S3-321562687,S3-357381261,S3-369941843,S3-398336588,S3-410392259,S3-425805161,S3-437742410,S3-455546969,S3-459965654,S3-462381740,S3-489941683,S3-521196881,S3-553672269,S3-554700151,S3-576866747,S3-608666370,S3-80242150,S3-82856355,S3-841750876,S3-845445437,S3-868927600,S3-909444108,S3-913254865,S3-921850387,S3-960889502"
S1-564662660,"S2-194974105,S3-596870963"
S1-41643447,
S1-581360597,"S2-10217638,S2-109172202,S2-111631250,S2-120420573,S2-121271416,S2-122768568,S2-125855542,S2-134461714,S2-138293905,S2-146697526,S2-151147167,S2-156596901,S2-158388966,S2-17234033,S2-173009499,S2-18105619,S2-185574521,S2-192649749,S2-195293390,S2-198658279,S2-21084245,S2-215705190,S2-247594889,S2-254339845,S2-256376131,S2-274169581,S2-274889565,S2-290678302,S2-293852672,S2-300759249,S2-312099392,S2-326590840,S2-327377061,S2-336500242,S2-340179910,S2-340959061,S2-347607612,S2-359719012,S2-362870814,S2-369517406,S2-369634827,S2-386307200,S2-388157606,S2-392755824,S2-395428043,S2-397040366,S2-400706190,S2-402131518,S2-402525290,S2-402875075,S2-418144525,S2-43571158,S2-438594064,S2-447697398,S2-456896603,S2-470333290,S2-474584251,S2-478737337,S2-479256249,S2-483820492,S2-489937389,S2-506882598,S2-51387770,S2-514810565,S2-530433656,S2-578854348,S2-579251943,S2-586512954,S2-595100341,S2-595623864,S2-603597059,S2-616986080,S2-625453224,S2-630157922,S2-641128711,S2-648554709,S2-654102120,S2-655225446,S2-664036246,S2-676744101,S2-678257214,S2-679408849,S2-683793701,S2-694203480,S2-695458235,S2-710531014,S2-726809758,S2-731904177,S2-735860655,S2-736262588,S2-740240559,S2-75882324,S2-760783929,S2-802445465,S2-813022694,S2-816897668,S2-820044844,S2-822440446,S2-834283556,S2-836120288,S2-847524620,S2-851725198,S2-855052803,S2-861187590,S2-869546004,S2-887209929,S2-907349979,S2-91064584,S2-913536066,S2-917913363,S2-932412889,S2-933688531,S2-936282358,S2-943223196,S2-966381947,S2-972854173,S2-974146456,S2-990815845,S2-99281030,S3-106446414,S3-132553935,S3-133038624,S3-142760387,S3-162140129,S3-162287000,S3-168549554,S3-169844964,S3-180140592,S3-180737251,S3-192148621,S3-196878644,S3-198663563,S3-200009955,S3-206218001,S3-24468174,S3-257730456,S3-278868668,S3-289048545,S3-295825691,S3-29601257,S3-308126134,S3-311676419,S3-324808989,S3-338848124,S3-349679455,S3-350292606,S3-35041748,S3-365379371,S3-366259547,S3-378727129,S3-380652361,S3-384743458,S3-385903899,S3-387407103,S3-387523619,S3-39323415,S3-395602584,S3-406354298,S3-40985915,S3-425185749,S3-426841085,S3-428778342,S3-44266062,S3-45251608,S3-455333651,S3-490115837,S3-490954854,S3-495344572,S3-49685889,S3-506791109,S3-508819632,S3-524929343,S3-526324268,S3-526876240,S3-527253448,S3-552677413,S3-559657389,S3-566752743,S3-571193443,S3-574231294,S3-57895084,S3-58952785,S3-590162383,S3-605822014,S3-620427329,S3-635163172,S3-639792603,S3-649834292,S3-653779002,S3-656730364,S3-678576160,S3-678873203,S3-68321827,S3-690367724,S3-691294985,S3-696459514,S3-708789196,S3-712802056,S3-724022856,S3-727802774,S3-743187888,S3-745776994,S3-757873860,S3-760225064,S3-763236948,S3-77198639,S3-778800839,S3-781599076,S3-78904575,S3-801823952,S3-805088337,S3-813982916,S3-81663783,S3-820973876,S3-831075134,S3-831895323,S3-832969996,S3-833852270,S3-838278134,S3-840743168,S3-877097974,S3-886053303,S3-893033069,S3-903983587,S3-933882139,S3-935990801,S3-937791576,S3-944044316,S3-948541684,S3-949315332,S3-953214868,S3-956786347,S3-965657620,S3-967959554,S3-993653125,S3-994395902"
S1-946184931,"S2-331082745,S2-36022343,S2-751126967,S2-775180820,S2-791712036,S2-976445428,S2-997927202,S3-385753858,S3-545480459,S3-596575988,S3-864741808"
S1-244940399,S3-120258939
S1-616465752,"S2-100287528,S2-109352751,S2-117342048,S2-119310635,S2-163135605,S2-164885954,S2-164991830,S2-176027337,S2-187774246,S2-21923784,S2-219287731,S2-230370029,S2-255716908,S2-260630112,S2-265827625,S2-285549357,S2-293277210,S2-295267621,S2-297133466,S2-32288040,S2-326985182,S2-343041009,S2-372181695,S2-389987809,S2-400498714,S2-438363691,S2-447152296,S2-45308003,S2-461479325,S2-464881130,S2-474435815,S2-478128946,S2-484060555,S2-488051651,S2-489219738,S2-5063940,S2-507916216,S2-515979654,S2-529661367,S2-5550140,S2-581574831,S2-6110033,S2-612591290,S2-617593966,S2-628710216,S2-638439600,S2-641217966,S2-641757866,S2-669236483,S2-689016303,S2-705585429,S2-706023799,S2-716393519,S2-730196294,S2-735230018,S2-735407031,S2-747126297,S2-753713247,S2-761261467,S2-77530396,S2-797129383,S2-799710062,S2-803068701,S2-833117363,S2-833689296,S2-878037834,S2-879344807,S2-885184685,S2-905781122,S2-916252679,S2-926943396,S2-935388504,S2-946339388,S2-957805357,S2-976085669,S2-994410776,S2-995631959,S2-997935426,S3-105837108,S3-110080121,S3-136872555,S3-148957886,S3-154628206,S3-157769318,S3-172391544,S3-17354610,S3-174735914,S3-175446583,S3-184774464,S3-188040886,S3-231296629,S3-236775850,S3-277258945,S3-279172743,S3-283446484,S3-293451121,S3-3117134,S3-324938234,S3-32796191,S3-337987909,S3-338787581,S3-362438995,S3-366311053,S3-367868141,S3-370278205,S3-384040157,S3-385977150,S3-386440829,S3-402388716,S3-414575289,S3-42046426,S3-433890805,S3-435694250,S3-449701781,S3-455166983,S3-457615411,S3-458717446,S3-460674044,S3-461942026,S3-474571919,S3-500199942,S3-50181822,S3-528685654,S3-535669462,S3-536569155,S3-5387138,S3-541707690,S3-55495646,S3-582251778,S3-590648866,S3-611352301,S3-611663741,S3-618775169,S3-624003656,S3-638795090,S3-652435578,S3-654067979,S3-661487456,S3-664174575,S3-682396844,S3-692321418,S3-699907561,S3-715962146,S3-719071759,S3-721177640,S3-763676361,S3-773418680,S3-774041907,S3-778860966,S3-789896027,S3-802705544,S3-814963347,S3-815922670,S3-834921847,S3-86186489,S3-876606902,S3-889671181,S3-901463641,S3-918530501,S3-93363345,S3-949240092,S3-953646373,S3-960692719,S3-96849356,S3-96912919,S3-995734768,S3-997612631"
S1-762904067,"S2-106849526,S2-117120610,S2-124349635,S2-157639702,S2-158681761,S2-165200918,S2-177434266,S2-212353115,S2-213066512,S2-250237928,S2-261210990,S2-293615932,S2-319794999,S2-322554268,S2-325531303,S2-336622791,S2-351625181,S2-358878256,S2-36096107,S2-368346570,S2-431261713,S2-449438476,S2-468899290,S2-49911419,S2-503462713,S2-533748083,S2-551467333,S2-579051355,S2-58767689,S2-599640629,S2-620729127,S2-659667401,S2-67196640,S2-698545870,S2-742333680,S2-765044773,S2-772019937,S2-778357279,S2-781526354,S2-825322709,S2-828855744,S2-836543310,S2-881352883,S2-896007056,S2-922152004,S2-937397598,S2-949083237,S2-951661363,S2-953553123,S2-959731145,S2-98348512,S2-987072189,S2-999266674,S3-109415205,S3-109924937,S3-114028902,S3-145013872,S3-161152311,S3-181386097,S3-1843107,S3-190996769,S3-199617731,S3-207380063,S3-209525410,S3-212004631,S3-217874671,S3-258840115,S3-271608303,S3-291753134,S3-293939393,S3-301050143,S3-3146694,S3-371402127,S3-372383867,S3-37365625,S3-378770756,S3-39504883,S3-395400724,S3-424037298,S3-44570790,S3-455423900,S3-463903693,S3-488032031,S3-490669464,S3-494070681,S3-497063767,S3-508997180,S3-520719876,S3-525594750,S3-529330832,S3-560511603,S3-581339241,S3-587889709,S3-610270095,S3-61440600,S3-626034570,S3-628290302,S3-634059196,S3-642241380,S3-665757025,S3-687679650,S3-693215512,S3-693376081,S3-718367920,S3-747453373,S3-769518935,S3-793696961,S3-819961537,S3-822484290,S3-825195191,S3-827186817,S3-832638348,S3-834218835,S3-835374358,S3-840801529,S3-849032076,S3-854793049,S3-864604449,S3-866759535,S3-871534944,S3-931388676,S3-940783539,S3-943360788,S3-961390251,S3-968823663,S3-974107153"
S1-261476747,"S2-207780590,S2-271875776,S2-360865947,S2-47713163,S2-510498566,S2-654086044,S2-904131240,S2-999498948,S3-121331092,S3-155970382,S3-379146773,S3-469066699,S3-71990828,S3-730526549,S3-838279727,S3-98855106"
S1-874436225,"S2-177137107,S2-22780793,S2-25021791,S2-267064623,S2-386406172,S2-415601522,S2-462183999,S2-490032921,S2-49332459,S2-501039792,S2-53957577,S2-615758986,S2-657869073,S2-700233887,S2-74912632,S2-800479747,S2-875820660,S2-879426401,S2-879660962,S2-924437325,S2-961560209,S2-983756716,S2-989496672,S3-151494061,S3-173100375,S3-19516798,S3-198909120,S3-313681543,S3-328022966,S3-332558860,S3-370025066,S3-37604100,S3-38333784,S3-439914413,S3-45354016,S3-505294878,S3-519379294,S3-577578952,S3-601727587,S3-615716216,S3-650227590,S3-739649986,S3-803086345,S3-873320150,S3-963376463,S3-98685182"
S1-816918307,"S2-310967848,S2-352477093,S2-506329879,S2-544158891,S2-610439446,S2-727111603,S2-751991396,S3-117418878,S3-198375963,S3-305286795,S3-309140560,S3-312045368,S3-368412742,S3-381808925,S3-414558658,S3-450348486,S3-557357225,S3-602183470,S3-695949971,S3-700809999,S3-73872007,S3-893032147"
S1-52153457,"S2-116390537,S2-248233059,S2-283675051,S2-348237019,S2-419256161,S2-499752072,S2-586014836,S2-616464963,S2-809400691,S2-844245337,S2-90928248,S2-925643313,S2-964169607,S3-10444618,S3-105480938,S3-12122868,S3-179845689,S3-18624418,S3-248051196,S3-251109686,S3-317097221,S3-325490458,S3-406730460,S3-427558134,S3-442104505,S3-444056552,S3-489855669,S3-519831393,S3-547688322,S3-549298,S3-569005095,S3-574436047,S3-680405878,S3-700996206,S3-800963783,S3-805183657,S3-846366637,S3-852611873,S3-878742249,S3-893967040,S3-900261473,S3-919652692"
S1-867332501,"S2-198523350,S2-244208993,S2-246120954,S2-306707594,S2-339731581,S2-358906668,S2-370059871,S2-461880072,S2-465626424,S2-498122673,S2-511047341,S2-517895021,S2-681129137,S2-833273458,S2-897415550,S2-919723968,S2-939985815,S2-963070219,S3-169806776,S3-27965581,S3-288039671,S3-288748207,S3-332247259,S3-334693339,S3-350316930,S3-363219875,S3-435453297,S3-509187392,S3-523918736,S3-537834628,S3-574535691,S3-617023108,S3-655053770,S3-679836753,S3-733365012,S3-740842391,S3-743234125,S3-77203636,S3-820410195,S3-889240256,S3-971460215"
S1-969300060,S3-907394423
S1-930501805,"S2-163144320,S2-256106360,S2-317931503,S2-727756641,S2-79452742,S2-978433569,S3-283331598,S3-373374029,S3-772631282,S3-863486811"
S1-474452362,"S2-198523350,S2-244208993,S2-246120954,S2-306707594,S2-336953224,S2-339731581,S2-358906668,S2-370059871,S2-461880072,S2-511047341,S2-517895021,S2-681129137,S2-833273458,S2-897415550,S2-919723968,S2-939985815,S2-963070219,S3-169806776,S3-27965581,S3-288039671,S3-332247259,S3-350316930,S3-363219875,S3-435453297,S3-509187392,S3-523918736,S3-537834628,S3-574535691,S3-617023108,S3-655053770,S3-679836753,S3-733365012,S3-740842391,S3-743234125,S3-77203636,S3-820410195,S3-889240256,S3-971460215"
S1-802731895,"S2-106102445,S2-10894603,S2-148150788,S2-174993395,S2-195215622,S2-21233914,S2-21645518,S2-240651016,S2-261091175,S2-261591814,S2-262934077,S2-274899707,S2-281814132,S2-295827882,S2-299848868,S2-325448542,S2-328522961,S2-332783591,S2-356116028,S2-387488334,S2-445959715,S2-462223749,S2-468870700,S2-476476786,S2-480545250,S2-503857110,S2-505281043,S2-537487648,S2-538214016,S2-561129134,S2-561131732,S2-565578979,S2-570601201,S2-600871405,S2-611109083,S2-629135992,S2-630279782,S2-679224916,S2-722747955,S2-732647268,S2-734527330,S2-741520045,S2-794478116,S2-817215507,S2-820878461,S2-852812761,S2-854539909,S2-855154806,S2-888219762,S2-89642010,S2-904483643,S2-915316517,S2-923877787,S2-930209084,S2-973811291,S2-977525819,S2-991126031,S3-122124738,S3-127052845,S3-143852498,S3-147944095,S3-16235813,S3-164531190,S3-189159408,S3-211230794,S3-213865376,S3-238309087,S3-241115451,S3-263261175,S3-303322076,S3-314202185,S3-322630377,S3-32900522,S3-329823477,S3-34352179,S3-348058065,S3-360333694,S3-372555495,S3-372770007,S3-37392694,S3-38878462,S3-394904935,S3-404195659,S3-419972694,S3-426246378,S3-43492550,S3-443930786,S3-444683378,S3-447659838,S3-462208858,S3-474611442,S3-48292204,S3-48610040,S3-526323246,S3-578222157,S3-57830857,S3-580181746,S3-588887129,S3-593249224,S3-59710094,S3-627465306,S3-628148948,S3-628325063,S3-647753608,S3-655163463,S3-660484540,S3-734858178,S3-769599182,S3-800884602,S3-802551251,S3-838790644,S3-852616596,S3-871719592,S3-912515505,S3-940041134,S3-941710694,S3-956798263,S3-989931499"
S1-39733947,"S2-247876336,S3-51859802"
S1-807424751,"S2-454065981,S3-132653694,S3-214882530,S3-355019990,S3-875921981"
S1-269499779,"S2-131947451,S2-218827749,S2-307581333,S2-380293286,S2-389074131,S2-403867866,S2-544842505,S2-610059325,S2-619262991,S2-743598618,S2-789711646,S2-815602099,S2-822636700,S2-829878729,S2-862435993,S2-898007046,S2-949888928,S3-119324541,S3-184308551,S3-502632403,S3-509962971,S3-5133499,S3-526909380,S3-592884814,S3-637753723,S3-735920022,S3-764042806,S3-797393404,S3-922550338"
S1-574528784,"S2-103626594,S2-136149835,S2-146965209,S2-19547310,S2-243864603,S2-304215388,S2-330133447,S2-332163699,S2-540772225,S2-549421368,S2-55149098,S2-551914381,S2-582062427,S2-616265562,S2-642929424,S2-657666901,S2-68303724,S2-741112525,S2-749015071,S2-751495996,S2-801869379,S2-838235395,S2-84001971,S2-850085349,S2-967008601,S2-969576108,S2-977022896,S3-117344754,S3-180788234,S3-209848207,S3-239876713,S3-268717921,S3-326900493,S3-471998822,S3-498805721,S3-514172021,S3-555870124,S3-558590148,S3-60823907,S3-725512827,S3-747379833,S3-77777371,S3-804209105,S3-847082646,S3-863804812,S3-876999427,S3-902615987,S3-904293301,S3-940399592,S3-950512384,S3-951671124,S3-958923054,S3-982608686,S3-991754179"
S1-402621048,"S2-167218280,S2-191532702,S2-199559681,S2-20932351,S2-243453314,S2-257844523,S2-272474734,S2-308418230,S2-308686038,S2-32662436,S2-446568547,S2-4470037,S2-467616190,S2-503434250,S2-536441219,S2-54381640,S2-557270266,S2-577663662,S2-590554293,S2-618997057,S2-63367724,S2-658732901,S2-670266169,S2-706041870,S2-706544389,S2-719253946,S2-759071181,S2-785907348,S2-799684633,S2-821879986,S2-840734239,S2-893861516,S2-906352566,S2-947516083,S2-964998414,S3-161461861,S3-198009537,S3-254353935,S3-25951802,S3-282449857,S3-2880882,S3-304190225,S3-31366870,S3-31572875,S3-333845635,S3-363942930,S3-378756122,S3-384645877,S3-387972250,S3-401952102,S3-433037437,S3-454919219,S3-478612848,S3-479924736,S3-518586658,S3-547831888,S3-569223417,S3-592987873,S3-622182382,S3-647251512,S3-688706891,S3-697777240,S3-711690143,S3-735112309,S3-764964905,S3-787001125,S3-830056259,S3-832838489,S3-842836328,S3-849015040,S3-850402219,S3-902676163,S3-922392155,S3-927424644,S3-933064596,S3-947543258,S3-965232619"
S1-684202485,"S2-10684220,S2-156596087,S2-167404095,S2-171695277,S2-174322448,S2-205355462,S2-222971625,S2-254038654,S2-31431545,S2-436657520,S2-446761313,S2-495179311,S2-497110054,S2-669641587,S2-675423590,S2-676902773,S2-703822682,S2-713646686,S2-765154333,S2-779040268,S2-789388362,S2-955617265,S3-178066132,S3-211561054,S3-242009544,S3-26560229,S3-292425947,S3-293905209,S3-29497546,S3-36950313,S3-452498677,S3-461323882,S3-477189337,S3-495985330,S3-529029343,S3-548097310,S3-579498448,S3-579518292,S3-606370443,S3-638109772,S3-641845939,S3-688606180,S3-82573141,S3-826790657,S3-883805136,S3-900511946,S3-962786327"
S1-85238196,"S2-345310984,S2-502739509,S2-909860651,S2-923271042,S2-985270117,S3-124190107,S3-156043926,S3-195472790,S3-443484480"
S1-569369299,"S2-148159648,S2-277678461,S2-321814110,S2-42516641,S2-730602022,S2-784223944,S3-461053279,S3-477576886,S3-879086926,S3-990537380"
S1-559615219,"S2-234289048,S2-265210885,S2-689967503"
S1-684318101,"S2-157970919,S2-16940726,S2-172226065,S2-218549907,S2-224020409,S2-254658922,S2-277919518,S2-29443650,S2-301983312,S2-327292904,S2-448052196,S2-540194268,S2-599320719,S2-660971916,S2-66702858,S2-696527839,S2-792371054,S2-800948924,S2-806824951,S2-899909360,S3-121634600,S3-150795540,S3-152356874,S3-169067084,S3-20582460,S3-213745263,S3-248821533,S3-251270986,S3-296833588,S3-387547796,S3-398601042,S3-425548346,S3-448111707,S3-44913623,S3-454663381,S3-455893950,S3-483313813,S3-545123412,S3-616667515,S3-653990373,S3-658080530,S3-676531581,S3-679070406,S3-712030797,S3-72549919,S3-747205629,S3-749514326,S3-801673438,S3-895523392,S3-914683174,S3-955220086,S3-959750576,S3-996303827"
S1-503487168,"S2-122708216,S2-134997009,S2-159018062,S2-195340761,S2-308802404,S2-351131388,S2-396385004,S2-486276480,S2-500881623,S2-561005902,S2-592415323,S2-630672871,S2-646220710,S2-752448172,S2-787825386,S2-835635699,S2-891179387,S2-891315571,S2-917827737,S2-958398768,S2-971222206,S3-106294093,S3-129135785,S3-178914697,S3-223594451,S3-26790932,S3-318003297,S3-320558843,S3-325015989,S3-442356437,S3-455375274,S3-455517686,S3-456541281,S3-464691866,S3-481207824,S3-574783160,S3-594590523,S3-604008982,S3-769278327,S3-775092254,S3-780746209,S3-784986143,S3-792773647,S3-807505676,S3-80932762,S3-888350143,S3-901933509,S3-96958968"
S1-967139755,
S1-983819279,"S2-677039609,S3-651200504,S3-808157320"
S1-577269922,
S1-87832748,"S2-118220890,S2-155623071,S2-180320474,S2-193013091,S2-203495287,S2-274181678,S2-280607105,S2-309995876,S2-383315744,S2-463662417,S2-477525337,S2-500742070,S2-596856473,S2-704764500,S2-730530508,S2-790354406,S2-952535808,S3-21761047,S3-304854466,S3-373547393,S3-391594804,S3-427384301,S3-433377070,S3-490472859,S3-521210557,S3-565025468,S3-576897146,S3-583976846,S3-5982938,S3-752132200,S3-769945587,S3-884672427,S3-915085468,S3-977131787,S3-989774041"
S1-295346696,"S2-11399040,S2-117641198,S2-137459676,S2-140967971,S2-142919569,S2-148202605,S2-160641880,S2-175532277,S2-182250103,S2-183734900,S2-186323318,S2-268677405,S2-273265532,S2-276975445,S2-286986058,S2-287553406,S2-323942240,S2-326541231,S2-357973381,S2-380925429,S2-393791360,S2-434787777,S2-488950804,S2-514477715,S2-518648711,S2-554836741,S2-556973443,S2-564049490,S2-573403688,S2-57353589,S2-584739653,S2-585256617,S2-642379815,S2-651740526,S2-677611473,S2-690072954,S2-699193098,S2-743611656,S2-744092910,S2-752039767,S2-771081348,S2-774664132,S2-798366757,S2-806978517,S2-828902755,S2-842058228,S2-859385826,S2-883799231,S2-908572167,S2-919675684,S2-929087667,S2-950059670,S2-964463489,S3-122144990,S3-159157932,S3-160580124,S3-167649889,S3-1800524,S3-185089796,S3-210130602,S3-21356594,S3-233882157,S3-23518063,S3-239466939,S3-245747772,S3-25281609,S3-274269512,S3-279686843,S3-288528673,S3-293226687,S3-315560425,S3-36221036,S3-385551587,S3-436224263,S3-449787572,S3-462985844,S3-46325749,S3-492131586,S3-505470672,S3-562979835,S3-566162301,S3-580297488,S3-581781272,S3-584028612,S3-638089565,S3-640765698,S3-674755686,S3-683998320,S3-696238121,S3-719550924,S3-726938417,S3-727153783,S3-734973628,S3-738601650,S3-740900748,S3-744251626,S3-801458660,S3-809083820,S3-813037581,S3-815098380,S3-835122363,S3-839414204,S3-843774856,S3-855928482,S3-917528637,S3-989515837,S3-997870187"
S1-252468250,"S2-144753299,S2-415479390,S2-418317383,S2-437136911,S2-509858577,S2-615079121,S2-657727382,S2-701496773,S2-740112813,S2-84098381,S2-904962932,S2-945692868,S2-968963770,S3-154569063,S3-17168971,S3-227030761,S3-322671259,S3-36808163,S3-400042959,S3-4119386,S3-435150918,S3-448098466,S3-452874999,S3-465215896,S3-537516589,S3-561634135,S3-585966200,S3-59718617,S3-659636052,S3-676664629,S3-721806986,S3-723065975,S3-88962579,S3-971533008"
S1-781801397,"S2-160265259,S2-171530744,S2-183561757,S2-219000671,S2-23980230,S2-364933505,S2-381625517,S2-401760539,S2-424328627,S2-470202940,S2-616355498,S2-644781982,S2-653170843,S2-654707145,S2-669102874,S2-682195010,S2-725612831,S2-764019155,S2-777634239,S2-832597241,S2-872143742,S2-881279609,S2-979006119,S2-992217531,S3-114297940,S3-122888489,S3-137645656,S3-200459705,S3-270393639,S3-283457352,S3-321155690,S3-32139900,S3-333052937,S3-334775669,S3-35393801,S3-370675536,S3-441593828,S3-506967188,S3-584263858,S3-585133881,S3-611462172,S3-617149464,S3-618177406,S3-734988689,S3-741768600,S3-824762255,S3-827330386,S3-888635263,S3-891833161,S3-905168837,S3-915496571,S3-936218646,S3-948600155,S3-983740382"
S1-669434847,"S2-155326795,S2-19574277,S2-262277816,S2-271369594,S2-332425678,S2-333791264,S2-347685480,S2-392006198,S2-434261899,S2-714611559,S2-731198634,S2-784098039,S2-842678300,S2-86010362,S2-921481031,S2-99901987,S3-265050748,S3-319936092,S3-348194521,S3-444273036,S3-466313147,S3-470092581,S3-532248119,S3-546746738,S3-579519806,S3-669184485,S3-73254804,S3-736809457,S3-858349612,S3-915826424,S3-94808889,S3-97338656"
S1-570053103,S2-692619586
S1-736469556,"S2-106855469,S2-112408451,S2-24824093,S2-248290654,S2-25522264,S2-319107499,S2-345006627,S2-352820819,S2-371750015,S2-384171816,S2-403512702,S2-40950046,S2-419256161,S2-441121533,S2-444259301,S2-44528425,S2-468067303,S2-505763014,S2-521426436,S2-567273417,S2-586014836,S2-589514213,S2-616464963,S2-708101560,S2-736201964,S2-738266912,S2-738445050,S2-77137709,S2-772653978,S2-865346964,S2-867640379,S2-900275593,S2-917312768,S2-923432289,S2-925643313,S2-973619712,S2-995773378,S3-105480938,S3-127611428,S3-176098135,S3-187304079,S3-212800709,S3-220850190,S3-225515813,S3-316788253,S3-333411132,S3-358197417,S3-368128596,S3-370180554,S3-406730460,S3-444646039,S3-460804904,S3-463203315,S3-483863338,S3-490322754,S3-506605305,S3-507175821,S3-509463068,S3-529248802,S3-549298,S3-551803191,S3-562325209,S3-587804606,S3-590608582,S3-615852307,S3-625034593,S3-631332691,S3-634432014,S3-638380686,S3-676501297,S3-680405878,S3-690667234,S3-694769270,S3-708246473,S3-724566014,S3-800388908,S3-802800867,S3-817183893,S3-830943036,S3-861000929,S3-878742249,S3-890328961,S3-899170802,S3-909974680,S3-919652692,S3-931200264,S3-94534025,S3-947942209,S3-96366507,S3-999712725"
S1-483126440,"S2-106102445,S2-10894603,S2-148150788,S2-174993395,S2-195215622,S2-21645518,S2-240651016,S2-261091175,S2-261591814,S2-262934077,S2-274899707,S2-281814132,S2-295827882,S2-299848868,S2-325448542,S2-328522961,S2-332783591,S2-356116028,S2-3611030,S2-387488334,S2-445959715,S2-462223749,S2-468870700,S2-476476786,S2-480545250,S2-503857110,S2-505281043,S2-537487648,S2-538214016,S2-561129134,S2-561131732,S2-565578979,S2-570601201,S2-611109083,S2-629135992,S2-630279782,S2-679224916,S2-722747955,S2-732647268,S2-734527330,S2-741520045,S2-794478116,S2-817215507,S2-854539909,S2-855154806,S2-888219762,S2-89642010,S2-904483643,S2-923877787,S2-930209084,S2-937646708,S2-96220644,S2-973811291,S2-977525819,S2-991126031,S3-122124738,S3-127052845,S3-147944095,S3-16235813,S3-164531190,S3-189159408,S3-211230794,S3-213865376,S3-241115451,S3-252766980,S3-303322076,S3-314202185,S3-322630377,S3-32900522,S3-329823477,S3-34352179,S3-348058065,S3-360333694,S3-372555495,S3-372770007,S3-37392694,S3-38878462,S3-419972694,S3-426246378,S3-443930786,S3-447659838,S3-462208858,S3-474611442,S3-48292204,S3-534038994,S3-540446630,S3-578222157,S3-57830857,S3-588887129,S3-593249224,S3-627465306,S3-628148948,S3-628325063,S3-632847904,S3-647753608,S3-655163463,S3-659278034,S3-660484540,S3-734858178,S3-758597926,S3-769599182,S3-800884602,S3-802551251,S3-838790644,S3-852616596,S3-854030389,S3-871719592,S3-901586832,S3-940041134,S3-941710694,S3-956798263,S3-979084269,S3-989931499"
S1-270951405,"S3-265781350,S3-282786781,S3-319374900,S3-453371895,S3-652407872,S3-709477767,S3-71506334,S3-890769244"
S1-520799361,"S2-108197339,S2-109800469,S2-140796098,S2-148054463,S2-195574775,S2-224135478,S2-41493057,S2-439163135,S2-448776905,S2-467903681,S2-492690381,S2-508639766,S2-516299707,S2-592287673,S2-609196645,S2-665541388,S2-66771030,S2-694073194,S2-73289414,S2-754522704,S2-760650160,S2-768694729,S2-772762419,S2-780364055,S2-786791696,S2-789764739,S2-798589387,S2-809206079,S2-857352209,S2-871596900,S2-913170244,S2-992926454,S2-995679693,S3-124695610,S3-135267205,S3-141829391,S3-160110545,S3-167579991,S3-183282595,S3-207823676,S3-208497251,S3-262451165,S3-310588246,S3-332758132,S3-340507262,S3-361657743,S3-411433637,S3-426617067,S3-435828199,S3-439518272,S3-453208078,S3-462685489,S3-470302601,S3-472548374,S3-479846603,S3-484061635,S3-514166056,S3-51841915,S3-585584755,S3-696671435,S3-715398406,S3-726527220,S3-822746818,S3-861035683,S3-867229288,S3-890299204,S3-901997932,S3-919047965,S3-959368796"
S1-81033582,"S2-303998062,S2-323050011,S2-348744548,S2-432440006,S2-446746086,S3-168581238,S3-634918658,S3-67079417,S3-836826271,S3-932723023,S3-983812890"
S1-56410032,"S2-102151775,S2-122307955,S2-124495099,S2-127280910,S2-135849396,S2-1934051,S2-200386268,S2-206412421,S2-206733739,S2-223761169,S2-303983131,S2-323406763,S2-328937334,S2-348551415,S2-369913800,S2-443355246,S2-492701251,S2-498001172,S2-509990543,S2-512956545,S2-514593415,S2-523707559,S2-566716479,S2-577525890,S2-584760377,S2-59167736,S2-594629662,S2-614512994,S2-636820330,S2-645552896,S2-779201812,S2-779666521,S2-819778009,S2-821517558,S2-827690083,S2-856645080,S2-870061051,S2-878472229,S2-892345422,S2-89332036,S2-908978990,S2-947488596,S2-953000790,S2-959015092,S2-970526574,S2-984759453,S3-111119043,S3-116226711,S3-16078484,S3-170479705,S3-179214561,S3-199086344,S3-21546624,S3-222200982,S3-225992599,S3-239409086,S3-273689707,S3-297019801,S3-313746921,S3-317956827,S3-330152934,S3-341962225,S3-345482871,S3-350273187,S3-357471085,S3-372117999,S3-443775520,S3-45552396,S3-587114411,S3-594606930,S3-604680982,S3-6264544,S3-62900546,S3-688593102,S3-752098182,S3-764852050,S3-784367931,S3-787628165,S3-790267881,S3-797598442,S3-810233323,S3-81537653,S3-815706232,S3-818326372,S3-853946241,S3-921379246,S3-923304704,S3-950165485"
S1-518847572,"S2-118549106,S2-143218931,S2-254389308,S2-387053409,S2-433321114,S2-434263413,S2-455329142,S2-456004843,S2-460505146,S2-544171330,S2-574635439,S2-58929129,S2-623465384,S2-750710327,S2-763670530,S2-866323384,S2-930254848,S2-987991365,S2-995933742,S3-222499761,S3-255798021,S3-283772757,S3-299639310,S3-430788849,S3-453191506,S3-459435313,S3-466073079,S3-495124559,S3-584685670,S3-593753099,S3-599658633,S3-618733241,S3-650363269,S3-650637426,S3-723736397,S3-736499956,S3-748296756,S3-770041110,S3-773343485,S3-806209375,S3-866805256,S3-866998455,S3-876988958,S3-886461930,S3-959051139,S3-962669126,S3-975475279,S3-999812383"
S1-776267063,"S2-356176811,S2-622543504,S2-685540290,S3-538965692"
S1-35309228,S2-159950594
S1-493139457,"S2-158075386,S2-179278937,S2-231102077,S2-242613344,S2-255554320,S2-290653819,S2-346858102,S2-348353080,S2-354514418,S2-369916438,S2-396870644,S2-398776557,S2-40757259,S2-450649420,S2-454633783,S2-501600114,S2-505323502,S2-516681311,S2-528013516,S2-543138383,S2-582561366,S2-590326016,S2-61166243,S2-679897677,S2-684629919,S2-711765828,S2-716863503,S2-818243239,S2-850760806,S2-856478884,S2-862176636,S2-881203528,S2-90679754,S2-942674973,S2-960258531,S2-994654970,S3-101445995,S3-138772798,S3-142995071,S3-191163468,S3-194572408,S3-198223284,S3-198973907,S3-205497702,S3-237604674,S3-237912211,S3-285290771,S3-288018665,S3-30589892,S3-309388731,S3-326389043,S3-384466371,S3-399738814,S3-443842865,S3-44710305,S3-485638423,S3-488679255,S3-494358123,S3-530169080,S3-576259555,S3-592781893,S3-646440310,S3-650099057,S3-67054621,S3-761075833,S3-777436921,S3-781219973,S3-808785869,S3-821203308,S3-897755998,S3-962107185,S3-962890967,S3-963145614,S3-994228231,S3-999284976"
S1-895087526,
S1-829126727,"S2-120300748,S2-216338042,S2-225307912,S2-361065074,S2-504393659,S2-512816304,S2-550277993,S2-588085625,S2-667838369,S2-67158439,S2-674544983,S2-714062302,S2-794381417,S2-888329051,S2-930348184,S3-120470102,S3-151117847,S3-158602580,S3-162626400,S3-275697657,S3-369382930,S3-515651295,S3-555769770,S3-609158438,S3-670887747,S3-673844893,S3-694965183,S3-734245149,S3-778001498,S3-8088291,S3-82745770,S3-93733470,S3-937510720"
S1-457973373,"S2-335849183,S3-231834489,S3-738417813,S3-968518185"
S1-74852342,"S2-923451770,S3-79364866,S3-81819814"
S1-280936763,"S2-603208439,S2-650373397,S3-502323617,S3-681709375"
S1-999165514,
S1-395055615,"S2-381370467,S2-437001277,S2-777520370,S2-832382132,S2-997491814,S3-363290862,S3-465602280,S3-559013133,S3-69437409,S3-945362795"
S1-862701045,"S2-731976511,S3-777256806"
S1-674871004,"S2-118916909,S2-147483891,S2-226359557,S2-228830917,S2-27046600,S2-302118366,S2-30242438,S2-305089827,S2-314471968,S2-329357309,S2-417275383,S2-468062230,S2-561915559,S2-562106308,S2-60682691,S2-64327670,S2-666891678,S2-671119196,S2-764638118,S2-834335837,S2-867984472,S2-873567298,S2-926593422,S2-960440618,S2-987087956,S3-117697562,S3-306223540,S3-315049747,S3-343795523,S3-344167502,S3-37902607,S3-404825213,S3-464265492,S3-476813209,S3-553283658,S3-606346688,S3-637293328,S3-637399293,S3-641758179,S3-657464479,S3-701641546,S3-703086048,S3-703532178,S3-76340991,S3-768957450,S3-871943542,S3-937929471,S3-963456148,S3-976849016,S3-986739557"
S1-287307821,"S2-194169678,S2-231102077,S2-348353080,S2-369916438,S2-396870644,S2-398776557,S2-40757259,S2-450649420,S2-501600114,S2-516681311,S2-543138383,S2-582561366,S2-590326016,S2-716863503,S2-818243239,S2-833094944,S2-850760806,S2-898478551,S2-942674973,S2-994654970,S3-101445995,S3-110941457,S3-191163468,S3-194572408,S3-198223284,S3-205497702,S3-237912211,S3-285290771,S3-30589892,S3-326389043,S3-384466371,S3-399738814,S3-443842865,S3-448955699,S3-456540317,S3-485638423,S3-497785097,S3-530169080,S3-576259555,S3-646440310,S3-781219973,S3-808785869,S3-897755998,S3-962107185,S3-962890967,S3-999284976"
S1-273768056,"S2-100287528,S2-109352751,S2-117342048,S2-119310635,S2-163135605,S2-164885954,S2-164991830,S2-176027337,S2-187774246,S2-21923784,S2-219287731,S2-230370029,S2-255716908,S2-260630112,S2-265827625,S2-285549357,S2-293277210,S2-295267621,S2-297133466,S2-32288040,S2-326985182,S2-343041009,S2-372181695,S2-389987809,S2-400498714,S2-438363691,S2-447152296,S2-45308003,S2-461479325,S2-464881130,S2-474435815,S2-478128946,S2-484060555,S2-488051651,S2-489219738,S2-5063940,S2-515979654,S2-529661367,S2-5550140,S2-581574831,S2-6110033,S2-612591290,S2-617593966,S2-628710216,S2-638439600,S2-641217966,S2-641757866,S2-669236483,S2-689016303,S2-705585429,S2-706023799,S2-716393519,S2-730196294,S2-735230018,S2-735407031,S2-747126297,S2-753713247,S2-761261467,S2-77530396,S2-797129383,S2-799710062,S2-803068701,S2-833117363,S2-833689296,S2-878037834,S2-879344807,S2-885184685,S2-905781122,S2-916252679,S2-926943396,S2-929730072,S2-935388504,S2-946339388,S2-957805357,S2-976085669,S2-994410776,S2-995631959,S2-997935426,S3-105837108,S3-110080121,S3-136872555,S3-148957886,S3-154628206,S3-157769318,S3-172391544,S3-17354610,S3-174735914,S3-175446583,S3-184774464,S3-188040886,S3-236775850,S3-277258945,S3-279172743,S3-283446484,S3-293451121,S3-3117134,S3-324938234,S3-32796191,S3-337987909,S3-338787581,S3-362438995,S3-363366231,S3-366311053,S3-367868141,S3-370278205,S3-384040157,S3-385977150,S3-386440829,S3-402388716,S3-433890805,S3-435694250,S3-449701781,S3-455166983,S3-457615411,S3-458717446,S3-460674044,S3-461942026,S3-474571919,S3-500199942,S3-50181822,S3-528685654,S3-535669462,S3-536569155,S3-5387138,S3-541707690,S3-549002059,S3-55495646,S3-582251778,S3-590648866,S3-611352301,S3-611663741,S3-618775169,S3-624003656,S3-638795090,S3-654067979,S3-661487456,S3-664174575,S3-682396844,S3-692321418,S3-699907561,S3-715962146,S3-719071759,S3-721177640,S3-763676361,S3-773418680,S3-774041907,S3-778860966,S3-789896027,S3-814963347,S3-815922670,S3-834921847,S3-876606902,S3-889671181,S3-901463641,S3-918530501,S3-93363345,S3-949240092,S3-960692719,S3-96849356,S3-96912919,S3-995734768,S3-997612631"
S1-323395452,"S2-26818808,S3-249852354,S3-26790932,S3-340417291,S3-455375274,S3-574783160"
S1-4144001,"S2-130718705,S2-138073501,S2-194154504,S2-220512313,S2-234635016,S2-253627810,S2-256161909,S2-264343085,S2-287776873,S2-304000957,S2-33168384,S2-352057210,S2-368470121,S2-385317894,S2-475248315,S2-533966582,S2-588773896,S2-591772545,S2-600018995,S2-60301417,S2-607392943,S2-618595825,S2-620343415,S2-670181184,S2-687682737,S2-747035866,S2-821773705,S2-824687779,S2-828129937,S2-847365498,S2-879106147,S2-894314252,S2-896628229,S2-90799437,S2-936678412,S2-943394104,S2-951890399,S3-135456356,S3-167292906,S3-173468473,S3-22088661,S3-255739917,S3-273237275,S3-315559125,S3-323753282,S3-329461064,S3-333132531,S3-363129209,S3-38115899,S3-404532098,S3-449123970,S3-47877671,S3-481735684,S3-488424795,S3-49988680,S3-564464104,S3-572497174,S3-599369858,S3-610431457,S3-64558612,S3-800521427,S3-810681980,S3-829110582,S3-889556158,S3-902311725,S3-912573068,S3-931009866,S3-973543069,S3-983828506"
S1-512210875,"S2-112751482,S2-182986806,S2-281789460,S2-393450091,S2-644849827,S2-664686791,S2-68167807,S2-691730498,S2-766119008,S2-777016786,S2-782590463,S2-802422468,S2-996977263,S3-110623964,S3-163587786,S3-185659081,S3-229460955,S3-271028931,S3-280398472,S3-340205763,S3-469272577,S3-473084249,S3-514834406,S3-570275864,S3-587353194,S3-592814124,S3-602419751,S3-639922012,S3-685888132,S3-7061626,S3-706185610,S3-765252858,S3-768875452,S3-772819812,S3-793718263,S3-869848509,S3-93792648,S3-972884548,S3-984724675,S3-989283048,S3-994732474"
S1-143287441,S3-395622166
S1-351656683,"S2-168649027,S2-211320575,S2-403133278,S2-541984172,S2-574278528,S2-642968609,S2-822681145,S2-916704724,S3-141432285,S3-497217035,S3-511029105,S3-566110739,S3-63567338,S3-7684605,S3-803904627"
S1-83258310,"S2-100287528,S2-109352751,S2-117342048,S2-119310635,S2-163135605,S2-164885954,S2-164991830,S2-176027337,S2-187774246,S2-21923784,S2-230370029,S2-255716908,S2-260630112,S2-265827625,S2-285549357,S2-293277210,S2-295267621,S2-297133466,S2-32288040,S2-326985182,S2-343041009,S2-372181695,S2-389987809,S2-400498714,S2-438363691,S2-447152296,S2-45308003,S2-461479325,S2-464881130,S2-474435815,S2-478128946,S2-484060555,S2-488051651,S2-489219738,S2-5063940,S2-506480195,S2-515979654,S2-529661367,S2-5550140,S2-581574831,S2-6110033,S2-612591290,S2-617593966,S2-628710216,S2-638439600,S2-641217966,S2-641757866,S2-669236483,S2-689016303,S2-705585429,S2-706023799,S2-716393519,S2-730196294,S2-735230018,S2-735407031,S2-747126297,S2-753713247,S2-761261467,S2-77530396,S2-797129383,S2-799710062,S2-803068701,S2-833117363,S2-833689296,S2-878037834,S2-885184685,S2-905781122,S2-916252679,S2-926943396,S2-935388504,S2-946339388,S2-957805357,S2-976085669,S2-995631959,S3-105837108,S3-136872555,S3-148957886,S3-154628206,S3-157769318,S3-172391544,S3-17354610,S3-174735914,S3-175446583,S3-184774464,S3-188040886,S3-236775850,S3-277258945,S3-279172743,S3-283446484,S3-293451121,S3-3117134,S3-32034494,S3-324938234,S3-337987909,S3-338787581,S3-362438995,S3-366311053,S3-367868141,S3-370278205,S3-384040157,S3-385977150,S3-386440829,S3-402388716,S3-42046426,S3-433890805,S3-435694250,S3-449701781,S3-455166983,S3-457615411,S3-458717446,S3-460674044,S3-461942026,S3-474571919,S3-500199942,S3-50181822,S3-528685654,S3-535669462,S3-536569155,S3-5387138,S3-541707690,S3-549002059,S3-55495646,S3-582251778,S3-590648866,S3-611352301,S3-611663741,S3-618775169,S3-624003656,S3-638795090,S3-654067979,S3-661487456,S3-664174575,S3-682396844,S3-692321418,S3-699907561,S3-719071759,S3-721177640,S3-773418680,S3-774041907,S3-778860966,S3-789896027,S3-814963347,S3-815922670,S3-834921847,S3-86186489,S3-876606902,S3-889671181,S3-901463641,S3-918530501,S3-93363345,S3-949240092,S3-953646373,S3-960692719,S3-96849356,S3-96912919,S3-995734768,S3-997612631"
S1-126274111,"S2-424359496,S2-775330636,S3-417842250,S3-864795579"
S1-991875825,"S2-101332380,S2-13622406,S2-149413434,S2-220775540,S2-226912803,S2-278569462,S2-304989017,S2-339788007,S2-359985429,S2-3695981,S2-371298861,S2-43769893,S2-482371631,S2-545034583,S2-631775466,S2-646910957,S2-783670116,S2-788650170,S2-861801503,S2-87935400,S2-977096023,S2-986110515,S2-986494492,S2-995429081,S3-118693359,S3-16195469,S3-172109797,S3-238066602,S3-391225290,S3-430937321,S3-434050973,S3-438035918,S3-456371207,S3-457020769,S3-523493786,S3-560618637,S3-592267437,S3-60649119,S3-663933611,S3-702024751,S3-75003755,S3-767513081,S3-776466763,S3-847009912,S3-858025333,S3-902521290"
S1-219350089,"S2-111371851,S2-120950889,S2-149274788,S2-155022715,S2-168132027,S2-172763926,S2-179681005,S2-202667611,S2-231719166,S2-232833424,S2-289037449,S2-306698280,S2-341861496,S2-388003587,S2-389709697,S2-399275212,S2-422669912,S2-430762516,S2-450192914,S2-48075185,S2-487372247,S2-489411367,S2-499505081,S2-512334398,S2-519059543,S2-545182449,S2-545470939,S2-570677874,S2-581428953,S2-584926436,S2-58857525,S2-665763594,S2-684472932,S2-70410200,S2-709909627,S2-739448139,S2-746227284,S2-751202314,S2-755502561,S2-761682492,S2-772032229,S2-79047557,S2-816876366,S2-842315656,S2-869784294,S2-883388357,S2-903692594,S2-917859734,S2-919524280,S2-943795406,S2-95174122,S2-999120843,S3-120707403,S3-125036020,S3-149773973,S3-150913523,S3-187339225,S3-196083540,S3-197049397,S3-205000957,S3-244277282,S3-25767934,S3-257698168,S3-302998453,S3-331873108,S3-337168943,S3-357229977,S3-432502321,S3-486301243,S3-500218629,S3-521317798,S3-532890057,S3-536049496,S3-537370920,S3-554479884,S3-602403352,S3-604516407,S3-620238944,S3-624898834,S3-629393028,S3-67208611,S3-679363505,S3-713090260,S3-778030295,S3-816244994,S3-820560367,S3-821711706,S3-863754074,S3-929362307,S3-947493002,S3-954295435,S3-995860599"
S1-476026008,"S2-111551361,S2-114033116,S2-121764179,S2-145828209,S2-151378675,S2-172768547,S2-217212887,S2-236581494,S2-261322411,S2-298774133,S2-302143413,S2-308903994,S2-317844913,S2-327895743,S2-341339244,S2-394519037,S2-427776899,S2-433250859,S2-438218444,S2-441935641,S2-566975831,S2-579736034,S2-653299122,S2-653906407,S2-702263933,S2-731064164,S2-755373739,S2-820152143,S2-963790860,S2-965965831,S2-96616593,S3-105976124,S3-155611732,S3-211608846,S3-213578543,S3-23197634,S3-240196437,S3-319063462,S3-34534859,S3-369553132,S3-423040927,S3-439725331,S3-480344297,S3-523535027,S3-569529629,S3-571451785,S3-576703765,S3-599340535,S3-647684358,S3-657458748,S3-66672789,S3-680720600,S3-681038828,S3-785426334,S3-822074685,S3-862300732,S3-937908802,S3-962298257,S3-969007918,S3-99743727"
S1-595583207,"S3-783469902,S3-949088497"
S1-660977005,"S2-160424028,S2-314471968,S2-417275383,S2-426981353,S2-451463282,S2-468062230,S2-5808674,S2-633868510,S2-64327670,S2-645838319,S2-663184979,S2-666891678,S2-697505520,S2-764638118,S2-788342534,S2-867984472,S2-878884039,S2-895605166,S3-117697562,S3-149711416,S3-266959944,S3-313808237,S3-315049747,S3-380523986,S3-400638464,S3-404825213,S3-464265492,S3-469958129,S3-534801927,S3-572432762,S3-596174763,S3-637293328,S3-669858140,S3-701641546,S3-768957450,S3-793996369,S3-830619303,S3-871943542,S3-873164148,S3-894267600,S3-916631391,S3-937929471,S3-943076810,S3-946846501,S3-96096210,S3-963456148"
S1-106130112,"S2-18288111,S2-237102635,S2-248184174,S2-293468342,S2-294549716,S2-379593556,S2-399388837,S2-399750231,S2-539203832,S2-540174018,S2-597898350,S2-676900134,S2-704436264,S2-728352511,S2-819413443,S2-862377868,S2-971878645,S3-162939231,S3-244891924,S3-300071037,S3-388989946,S3-449977887,S3-461183040,S3-609880296,S3-677098350,S3-719431591,S3-770235967,S3-914124791"
S1-383508132,"S2-35948773,S2-558100740,S2-578534702,S2-607624802,S2-626243373,S2-653062110,S2-752221784,S2-865506524,S2-953493960,S3-139824460,S3-234659501,S3-344953846,S3-409226143,S3-473954951,S3-483218372,S3-504325905,S3-646432179,S3-792873932,S3-815209762,S3-853455779,S3-929162496,S3-953291214,S3-977970456"
S1-960747316,"S2-261771601,S2-331368343,S2-343084525,S2-419382093,S2-507839076,S2-523361043,S2-841604447,S2-882008416,S2-966570073,S2-999137601,S3-217052448,S3-282452546,S3-301622173,S3-490447017,S3-634668016,S3-72551382,S3-911111029,S3-95743856"
S1-78181547,
S1-44674670,
S1-712639027,"S2-108680847,S2-167218280,S2-191532702,S2-199559681,S2-208783532,S2-20932351,S2-243453314,S2-257844523,S2-272474734,S2-308418230,S2-308686038,S2-32662436,S2-446568547,S2-4470037,S2-467616190,S2-503434250,S2-536441219,S2-54381640,S2-557270266,S2-568439667,S2-577663662,S2-618997057,S2-63367724,S2-657421605,S2-658732901,S2-670266169,S2-706041870,S2-706544389,S2-719253946,S2-759071181,S2-785907348,S2-799684633,S2-821879986,S2-840734239,S2-893861516,S2-906352566,S2-925268538,S2-947516083,S2-964998414,S3-161412592,S3-161461861,S3-198009537,S3-254353935,S3-25951802,S3-282449857,S3-2880882,S3-304190225,S3-31366870,S3-31572875,S3-333845635,S3-378756122,S3-384645877,S3-387972250,S3-401952102,S3-433037437,S3-454919219,S3-478612848,S3-479924736,S3-518586658,S3-547831888,S3-569223417,S3-592987873,S3-622182382,S3-633523302,S3-647251512,S3-686928109,S3-688706891,S3-691478522,S3-697777240,S3-711690143,S3-735112309,S3-764964905,S3-787001125,S3-830056259,S3-832838489,S3-842836328,S3-849015040,S3-850402219,S3-902676163,S3-922392155,S3-927424644,S3-933064596,S3-947543258,S3-965232619"
S1-875777939,"S2-140473308,S2-150268141,S2-171664139,S2-186934503,S2-216150699,S2-224414385,S2-26813291,S2-275085884,S2-349153322,S2-386736247,S2-391668187,S2-395473104,S2-401317526,S2-445542761,S2-516716998,S2-529309519,S2-532810751,S2-538226636,S2-55637946,S2-570140504,S2-581549782,S2-594697818,S2-633595064,S2-645076525,S2-676271591,S2-699446830,S2-70831596,S2-737499898,S2-750401781,S2-77012618,S2-782754578,S2-784720932,S2-802064296,S2-806209738,S2-818948,S2-824828095,S2-832344622,S2-85003517,S2-865500418,S2-868864783,S2-88977929,S2-903358029,S2-912906295,S2-931438930,S2-992596201,S3-105446710,S3-140391220,S3-168605175,S3-202530564,S3-207394243,S3-221083514,S3-273133357,S3-278870298,S3-285601749,S3-319567373,S3-38197713,S3-382235575,S3-420067578,S3-456334254,S3-46958936,S3-48293620,S3-511474548,S3-514174091,S3-531166750,S3-545765346,S3-55726433,S3-569106283,S3-574535488,S3-588210619,S3-590170963,S3-595103240,S3-641305314,S3-68560088,S3-716612515,S3-752657851,S3-777355581,S3-949501293,S3-985859220"
S1-906720062,"S2-11670369,S2-210286944,S2-211355990,S2-227717348,S2-227860375,S2-237387695,S2-269245689,S2-288113341,S2-305807694,S2-311500574,S2-31222911,S2-348424823,S2-351807884,S2-41456153,S2-446399386,S2-449452467,S2-456487662,S2-4927799,S2-497654662,S2-516769741,S2-520387898,S2-552342917,S2-556734147,S2-583681386,S2-628152353,S2-655186167,S2-668805682,S2-674604936,S2-675481057,S2-689967503,S2-724998574,S2-727631697,S2-72894107,S2-761756526,S2-763009269,S2-787346516,S2-817235585,S2-855415699,S2-868282600,S2-88364909,S2-901684401,S2-925950824,S2-969379726,S2-973405019,S3-11540191,S3-119018516,S3-149597191,S3-155262751,S3-157716112,S3-159783015,S3-184038095,S3-222306979,S3-256426074,S3-269012831,S3-299603866,S3-306833301,S3-32196315,S3-328167820,S3-338038354,S3-345459523,S3-347771390,S3-350386820,S3-360915051,S3-381164851,S3-393769757,S3-397246185,S3-404278186,S3-406180030,S3-413363791,S3-429468127,S3-431084906,S3-45472894,S3-48277552,S3-487269967,S3-501965992,S3-520005053,S3-528165292,S3-547613965,S3-584657116,S3-602890886,S3-630983458,S3-648191649,S3-688279495,S3-697978106,S3-710490604,S3-72737523,S3-732893902,S3-734898479,S3-737750349,S3-797869398,S3-800729527,S3-807920036,S3-875341834,S3-900196874,S3-902640883,S3-907017974,S3-926649854,S3-977845400,S3-990258479"
S1-868609391,"S2-222018548,S2-222497775,S2-225648349,S2-262464427,S2-685966414,S2-699592175,S3-346501966,S3-361815424,S3-542370901,S3-73987308,S3-985177020"
S1-842551642,"S2-1671300,S2-408325016,S2-419824011,S2-491729969,S2-638072141,S2-65284847,S2-660745366,S2-737471973,S2-744384640,S2-805273772,S2-811023848,S2-832537800,S2-855415699,S2-866058022,S2-98896928,S2-990747706,S3-101036051,S3-101315239,S3-129490192,S3-135907540,S3-205111330,S3-238208192,S3-356449608,S3-469132181,S3-490251316,S3-553465960,S3-579528681,S3-630099897,S3-686986580,S3-691403514,S3-792808746,S3-817161138,S3-81964172,S3-835441495,S3-960155182"
S1-977549219,"S2-189517820,S2-247538567,S2-247717236,S2-285116617,S2-296064086,S2-308862519,S2-33330290,S2-436503412,S2-437394328,S2-484906661,S2-493068716,S2-547885576,S2-569794447,S2-658926213,S2-69941568,S2-718616529,S2-721558541,S2-897575310,S2-982665487,S3-205385208,S3-219206801,S3-273920631,S3-340454616,S3-376422541,S3-389774963,S3-467677955,S3-577142483,S3-618718306,S3-627793051,S3-642871132,S3-674247521,S3-704300407,S3-83693179,S3-896122899,S3-913148143,S3-934276253,S3-979627251"
S1-345501851,"S2-100287528,S2-109352751,S2-117342048,S2-119310635,S2-163135605,S2-164885954,S2-164991830,S2-176027337,S2-187774246,S2-21923784,S2-230370029,S2-255716908,S2-260630112,S2-265827625,S2-285549357,S2-293277210,S2-295267621,S2-297133466,S2-32288040,S2-326985182,S2-343041009,S2-372181695,S2-389987809,S2-400498714,S2-438363691,S2-447152296,S2-45308003,S2-461479325,S2-464881130,S2-474435815,S2-478128946,S2-484060555,S2-488051651,S2-489219738,S2-5063940,S2-515979654,S2-529661367,S2-5550140,S2-581574831,S2-6110033,S2-612591290,S2-617593966,S2-628710216,S2-638439600,S2-641217966,S2-641757866,S2-669236483,S2-689016303,S2-705585429,S2-706023799,S2-716393519,S2-730196294,S2-735230018,S2-735407031,S2-747126297,S2-753713247,S2-761261467,S2-77530396,S2-797129383,S2-799710062,S2-803068701,S2-833117363,S2-833689296,S2-878037834,S2-885184685,S2-905781122,S2-926943396,S2-935388504,S2-946339388,S2-957805357,S2-976085669,S2-994410776,S2-995631959,S3-105837108,S3-136872555,S3-148957886,S3-154628206,S3-157769318,S3-172391544,S3-17354610,S3-174735914,S3-175446583,S3-184774464,S3-188040886,S3-231296629,S3-236775850,S3-277258945,S3-279172743,S3-283446484,S3-293451121,S3-3117134,S3-324938234,S3-32796191,S3-337987909,S3-338787581,S3-362438995,S3-366311053,S3-367868141,S3-370278205,S3-384040157,S3-385977150,S3-386440829,S3-402388716,S3-42046426,S3-433890805,S3-435694250,S3-449701781,S3-455166983,S3-457615411,S3-458717446,S3-460674044,S3-461942026,S3-474571919,S3-500199942,S3-50181822,S3-528685654,S3-535669462,S3-536569155,S3-5387138,S3-541707690,S3-549002059,S3-55495646,S3-582251778,S3-590648866,S3-611352301,S3-611663741,S3-618775169,S3-624003656,S3-638795090,S3-654067979,S3-661487456,S3-664174575,S3-682396844,S3-692321418,S3-699907561,S3-719071759,S3-721177640,S3-763676361,S3-773418680,S3-774041907,S3-778860966,S3-789896027,S3-814963347,S3-815922670,S3-834921847,S3-86186489,S3-876606902,S3-889671181,S3-901463641,S3-918530501,S3-93363345,S3-949240092,S3-960692719,S3-96849356,S3-96912919,S3-995734768,S3-997612631"
S1-465557953,"S2-112751482,S2-147064952,S2-200500029,S2-240618051,S2-281789460,S2-384242115,S2-393450091,S2-488307048,S2-507823990,S2-517776291,S2-539246019,S2-64370534,S2-644849827,S2-648630388,S2-664686791,S2-68167807,S2-68657614,S2-691730498,S2-749754768,S2-766119008,S2-777016786,S2-782590463,S2-802422468,S2-872510324,S2-938622109,S2-948975873,S2-996977263,S3-104011290,S3-110623964,S3-126695875,S3-136439809,S3-152162011,S3-163587786,S3-239094313,S3-24207745,S3-271028931,S3-280398472,S3-29865646,S3-319901682,S3-340205763,S3-389727691,S3-413329085,S3-43726554,S3-465986227,S3-469272577,S3-473084249,S3-495548492,S3-510111655,S3-514834406,S3-532849556,S3-552667381,S3-570275864,S3-579444130,S3-587353194,S3-592814124,S3-602419751,S3-639922012,S3-685888132,S3-706185610,S3-741814281,S3-765252858,S3-768875452,S3-772819812,S3-793718263,S3-801127901,S3-869848509,S3-887371844,S3-926162063,S3-93792648,S3-947418479,S3-972884548,S3-989283048"
S1-548433616,
S1-542615632,"S2-326109529,S3-843060243"
S1-396150929,"S2-103811439,S2-105609096,S2-160823657,S2-167452033,S2-19400062,S2-209622054,S2-213317166,S2-218724234,S2-234605140,S2-244144042,S2-30079429,S2-328794803,S2-333614704,S2-337360301,S2-389026253,S2-396153724,S2-412254468,S2-430958710,S2-450284961,S2-486507240,S2-57660528,S2-602331422,S2-624706351,S2-766474348,S2-790539300,S2-796837749,S2-835423619,S2-860062420,S2-885212289,S2-888825281,S2-99269459,S3-165763338,S3-180842436,S3-284453472,S3-306853514,S3-314845318,S3-347894106,S3-350935382,S3-367614197,S3-39519674,S3-427447205,S3-463278674,S3-509005412,S3-738600435,S3-745922096,S3-767638094,S3-815286913,S3-822806566,S3-828164274,S3-869976057,S3-87040830,S3-91089529,S3-943831012,S3-963214197"
S1-370806262,
S1-149784022,"S2-10830014,S2-117068083,S2-120973029,S2-127557786,S2-185957740,S2-195710606,S2-225669942,S2-247144607,S2-252523262,S2-269300058,S2-275495843,S2-282283414,S2-295130212,S2-298607333,S2-315473476,S2-319497096,S2-324335779,S2-330632317,S2-33989518,S2-35256250,S2-357180028,S2-387809057,S2-429414207,S2-436717573,S2-460647783,S2-467709973,S2-47103688,S2-473526966,S2-480486161,S2-486151679,S2-500479675,S2-552581065,S2-561341470,S2-561605456,S2-562854091,S2-591678570,S2-603477015,S2-669719833,S2-713134517,S2-731803731,S2-760387014,S2-784422312,S2-794792809,S2-813744949,S2-819327020,S2-836039107,S2-865717916,S2-885915131,S2-927949057,S2-953521266,S2-980281177,S3-105174410,S3-120019174,S3-125342339,S3-133569925,S3-145187890,S3-152689341,S3-156578145,S3-166257624,S3-244281937,S3-249400285,S3-268032690,S3-324792015,S3-45364968,S3-456576454,S3-477827797,S3-501605056,S3-5229914,S3-542065115,S3-556608965,S3-584495650,S3-625842800,S3-629918229,S3-640019605,S3-691051408,S3-698208023,S3-725024531,S3-746833323,S3-747940647,S3-751965577,S3-757395847,S3-760483845,S3-774069718,S3-788043769,S3-793954960,S3-799885530,S3-805729669,S3-82004889,S3-832379188,S3-867291691,S3-881004618,S3-902376646,S3-924435759,S3-930246504,S3-973988220,S3-98187437,S3-989792741,S3-995780994"
S1-208197675,"S2-148467570,S2-186023919,S2-204417353,S2-255229609,S2-276156732,S2-308331476,S2-319209427,S2-339379813,S2-342366219,S2-347281970,S2-378238951,S2-409062448,S2-420136109,S2-422567307,S2-485034147,S2-497130986,S2-500293977,S2-501289649,S2-523520824,S2-524597367,S2-550625611,S2-55314679,S2-617361413,S2-621187416,S2-621589502,S2-630817745,S2-632264090,S2-652058261,S2-652356461,S2-654658873,S2-678301580,S2-679959219,S2-705294478,S2-71556743,S2-716417335,S2-744863241,S2-765163257,S2-805062970,S2-832189292,S2-926799818,S2-980221946,S2-987155618,S2-993960432,S3-108203751,S3-109368624,S3-111587444,S3-122453051,S3-129196886,S3-129557038,S3-132977414,S3-13644754,S3-157902210,S3-185580229,S3-229000165,S3-230126491,S3-243515600,S3-243875071,S3-283300363,S3-309742641,S3-343893087,S3-344251021,S3-388722834,S3-390276652,S3-40672741,S3-459450529,S3-460775970,S3-486367807,S3-50281059,S3-507395885,S3-513384355,S3-524832998,S3-542159634,S3-570016803,S3-583737131,S3-597568068,S3-604883637,S3-615318198,S3-618543776,S3-622142660,S3-676029954,S3-684102935,S3-697751528,S3-69780371,S3-718446746,S3-719899507,S3-733757981,S3-758542412,S3-767519250,S3-792972367,S3-795547122,S3-795881793,S3-799394475,S3-812705094,S3-832117742,S3-836650897,S3-862526689,S3-871390101,S3-875360617,S3-895934233,S3-904003058,S3-909034607,S3-914790133,S3-920088425,S3-939308000,S3-939951085,S3-948095170,S3-961008884,S3-969600515,S3-980590060,S3-980745367,S3-98686227"
S1-621024,"S2-584226770,S2-747592620,S3-100363030"
S1-479716586,S2-263120945
S1-73366741,"S2-315375977,S2-353788887,S2-411536601,S2-473642720,S2-503121887,S2-610059325,S2-686130234,S2-815602099,S2-907641246,S2-981194132,S3-111940469,S3-119324541,S3-137279563,S3-222409983,S3-223420817,S3-266883278,S3-316451046,S3-407149333,S3-422144173,S3-485038334,S3-490792362,S3-509962971,S3-530061018,S3-592884814,S3-629082496,S3-790543133,S3-867565104,S3-875498002,S3-906574768,S3-978325093,S3-984554895"
S1-866981273,"S2-441788313,S2-656910214,S3-835696533,S3-885623863"
S1-48247433,"S2-161216151,S2-191581353,S2-511146838,S2-749767213,S3-474091906,S3-799623273,S3-938255604"
S1-139090022,
S1-503254241,"S2-200885542,S2-23890139,S2-244442170,S2-308793333,S2-327898714,S2-33129806,S2-349276759,S2-355741990,S2-418744792,S2-443010608,S2-511274499,S2-530606195,S2-532034431,S2-563535225,S2-564837943,S2-625567665,S2-648370708,S2-750156405,S2-822923059,S2-863758000,S2-910295846,S2-944053785,S3-142358078,S3-197478241,S3-198920357,S3-240154996,S3-319648732,S3-368853565,S3-410910620,S3-518652922,S3-536005727,S3-590748426,S3-661241755,S3-712944620,S3-927664947,S3-927761781,S3-975861198,S3-984662175,S3-998621012"
S1-102847291,"S2-110893002,S2-111706631,S2-160390996,S2-170384043,S2-184872024,S2-202112924,S2-221800804,S2-225682549,S2-243025911,S2-283264445,S2-295477969,S2-306233007,S2-314963865,S2-327019579,S2-342387202,S2-357132613,S2-39725077,S2-43040568,S2-433629028,S2-451419670,S2-504207507,S2-534617634,S2-539683133,S2-552587599,S2-571021146,S2-672782475,S2-722548684,S2-742922226,S2-754779681,S2-798328124,S2-859388976,S2-88602560,S2-895564185,S2-939356596,S2-941618718,S3-114247138,S3-226610203,S3-229827184,S3-239322511,S3-276163495,S3-282635433,S3-346814313,S3-346864751,S3-372150037,S3-443767680,S3-45239658,S3-458331478,S3-460251935,S3-482124667,S3-495880608,S3-527612989,S3-533141595,S3-541720929,S3-567913392,S3-584101714,S3-651648339,S3-69929220,S3-717005249,S3-718855070,S3-848208306,S3-852787106,S3-853361280,S3-908082736,S3-920433714,S3-952926567,S3-972208816"
S1-619110488,"S2-130765101,S2-13667298,S2-146141116,S2-227859050,S2-250707941,S2-277600738,S2-322867408,S2-380572978,S2-390201283,S2-468817456,S2-512094960,S2-591945540,S2-620563082,S2-669207952,S2-676536163,S2-742203912,S2-815493302,S2-822158777,S2-826608782,S2-855443063,S2-905753107,S3-109796435,S3-201634079,S3-245476276,S3-280769618,S3-361491851,S3-41426341,S3-424912373,S3-465192837,S3-468748167,S3-51136306,S3-520886329,S3-548981760,S3-550066588,S3-589128822,S3-652119769,S3-709743023,S3-769091788,S3-78417965,S3-816929477,S3-822402135,S3-85200636,S3-86575472,S3-88918863,S3-930448332,S3-940132125,S3-950289818,S3-990879946"
S1-623031914,"S2-121809835,S2-123575143,S2-135097802,S2-145828209,S2-151378675,S2-168027925,S2-172768547,S2-196968646,S2-261322411,S2-29382278,S2-298774133,S2-302143413,S2-314102783,S2-327895743,S2-341339244,S2-368661366,S2-394519037,S2-433250859,S2-438218444,S2-441935641,S2-489145488,S2-491706737,S2-510424752,S2-545780191,S2-653299122,S2-664075274,S2-682689805,S2-689700592,S2-695600153,S2-696890340,S2-702263933,S2-731064164,S2-782078221,S2-824205072,S2-88197174,S2-916677232,S2-928736811,S2-963790860,S2-965965831,S2-96616593,S2-997726511,S3-101242901,S3-155611732,S3-172266482,S3-2260213,S3-278445708,S3-286012397,S3-286173644,S3-409426459,S3-417521268,S3-423040927,S3-439725331,S3-442082879,S3-456851772,S3-480344297,S3-481581345,S3-485745007,S3-523535027,S3-559520194,S3-569529629,S3-571451785,S3-57188457,S3-576703765,S3-634423309,S3-647684358,S3-657919288,S3-66672789,S3-674269961,S3-680720600,S3-681038828,S3-70770014,S3-735324283,S3-76470519,S3-779448703,S3-822074685,S3-918975360,S3-937908802,S3-962298257,S3-970006888,S3-991025429"
S1-215270294,"S2-145679412,S2-202307443,S2-224336130,S2-231362459,S2-234200980,S2-251988679,S2-258187741,S2-311059422,S2-324619948,S2-335372193,S2-442506471,S2-453078100,S2-488953155,S2-511573721,S2-513310752,S2-537786066,S2-554172232,S2-56401999,S2-609571259,S2-63531653,S2-650702964,S2-650777811,S2-651671642,S2-655856580,S2-662022294,S2-665775709,S2-669420315,S2-735732323,S2-755866309,S2-780910748,S2-81823387,S2-834923028,S2-836257905,S2-866223538,S2-906218141,S2-953352546,S2-961845990,S2-990154258,S3-172157568,S3-219941661,S3-274557250,S3-345258727,S3-387133344,S3-414627989,S3-52297815,S3-523374695,S3-542892897,S3-565843276,S3-591340347,S3-60174999,S3-625047732,S3-673082875,S3-744350656,S3-771197215,S3-815732391,S3-825136971,S3-837415294,S3-885443832"
S1-762005078,"S2-112942286,S2-121341810,S2-127548065,S2-136853274,S2-233642246,S2-242062284,S2-243296118,S2-25117440,S2-256875574,S2-273854615,S2-329328518,S2-375694253,S2-398226462,S2-439140764,S2-553274633,S2-581745560,S2-62328730,S2-644642765,S2-789658003,S2-837405504,S2-886117102,S2-892923204,S3-140865666,S3-198604029,S3-212975040,S3-220173019,S3-234119576,S3-238466798,S3-366898685,S3-38284730,S3-474059985,S3-501693527,S3-504133374,S3-507382992,S3-515434177,S3-579384604,S3-593611276,S3-628771044,S3-635174753,S3-655429189,S3-75124968,S3-76317028,S3-81082751,S3-814198613,S3-86213770,S3-887487461,S3-936914893,S3-944955980,S3-952738461,S3-995098687"
S1-983603694,"S2-255281915,S2-538695,S2-580098998,S2-70948688,S2-729326771,S3-374546520,S3-403852704,S3-871967455"
S1-437281614,"S2-100838544,S2-766952767,S2-779691746,S3-103114129,S3-17316632,S3-282045416,S3-578746950,S3-846518710"
S1-590781135,"S2-158257063,S2-158965206,S2-207578305,S2-239759523,S2-266529850,S2-344859265,S2-366167363,S2-401702306,S2-40727077,S2-468126214,S2-520661506,S2-539204540,S2-596354727,S2-636692667,S2-653145698,S2-655370012,S2-659090543,S2-687725629,S2-781907119,S2-840686664,S2-842164766,S2-86364011,S2-870855126,S2-991117009,S3-190870953,S3-214339155,S3-215458222,S3-234399656,S3-243014103,S3-284249071,S3-312828113,S3-339702922,S3-347563849,S3-347958982,S3-35235432,S3-353299787,S3-353792181,S3-365672040,S3-393620930,S3-398639103,S3-47331926,S3-477572741,S3-489555206,S3-518329734,S3-552533448,S3-571330805,S3-5828623,S3-62524449,S3-633100384,S3-661657162,S3-711728433,S3-750158052,S3-807182233,S3-842194906,S3-858397119,S3-885399788,S3-975712115"
S1-423414451,"S2-448917897,S2-663487062,S2-732893907,S3-578757413,S3-653733580,S3-70064434"
S1-847114478,"S2-133248671,S2-169371046,S2-460846526,S2-558187051,S2-647722713,S2-656512339,S2-797068695,S2-821085827,S2-959385099,S3-252061994,S3-347732726,S3-487482927,S3-496956900,S3-563083804,S3-756059556,S3-881077827"
S1-526334226,"S2-800335384,S2-857243903,S2-965968398,S3-113371035,S3-156699178,S3-779007929,S3-883789863,S3-91288689,S3-98222561"
S1-381894503,"S2-565190789,S2-692834402,S2-695880094,S2-716889441,S2-794327604,S2-819246786,S2-9201163,S2-920282757,S2-933266716,S2-943464046,S3-121588968,S3-178150254,S3-315645213,S3-590979432,S3-602188307,S3-670184340,S3-734704765,S3-798438105,S3-927491453"
S1-313092170,
S1-60876864,"S2-112591423,S2-143612139,S2-151497011,S2-155128849,S2-243122737,S2-34583687,S2-361494414,S2-376025276,S2-382520905,S2-413476714,S2-424998513,S2-44290848,S2-482661389,S2-483626311,S2-484294877,S2-485885002,S2-597694282,S2-604893428,S2-638210957,S2-649519469,S2-664108852,S2-68607233,S2-690205102,S2-692313839,S2-713537203,S2-746828821,S2-753359934,S2-891967442,S2-90119287,S2-960785170,S3-133659541,S3-201976546,S3-269283294,S3-321089621,S3-32245527,S3-325382677,S3-340665809,S3-353297791,S3-360235054,S3-381303531,S3-388532820,S3-447259837,S3-449050115,S3-468999370,S3-487251418,S3-492492105,S3-508290929,S3-537475602,S3-545844339,S3-555465629,S3-63004746,S3-70480060,S3-776755674,S3-809474653,S3-809579255,S3-817749941,S3-876900758,S3-893202495,S3-909181638,S3-914733427,S3-939467801,S3-969028532,S3-985090284"
S1-261642209,"S3-106632444,S3-167111683,S3-334857772"
S1-78728267,S3-430235032
S1-308199161,"S2-138013558,S2-147066328,S2-147224246,S2-166564831,S2-168845782,S2-170973254,S2-189721636,S2-204645732,S2-205624613,S2-206486667,S2-210513817,S2-212948497,S2-237067819,S2-239867699,S2-250023481,S2-253440977,S2-261347002,S2-261721339,S2-27760613,S2-288724810,S2-297867066,S2-311751510,S2-334464586,S2-347389411,S2-347555508,S2-357935842,S2-380706848,S2-396288280,S2-416362828,S2-417510915,S2-430052970,S2-431691221,S2-431834266,S2-438922697,S2-44181649,S2-455200410,S2-457621528,S2-475059764,S2-477516563,S2-488801817,S2-538196235,S2-558197010,S2-560736172,S2-561536964,S2-569675594,S2-590328434,S2-593932144,S2-604252590,S2-632321059,S2-637499904,S2-639235015,S2-646842635,S2-652063475,S2-662450261,S2-668206975,S2-672552028,S2-673676882,S2-679945432,S2-680468889,S2-690046200,S2-713152877,S2-753604209,S2-754306745,S2-757852897,S2-761954042,S2-796153176,S2-80030619,S2-816282812,S2-822536212,S2-830019599,S2-833103206,S2-854631341,S2-886091006,S2-895289649,S2-915876521,S2-916091471,S2-919979843,S2-930705691,S2-938865725,S2-942825819,S2-946618521,S2-952817727,S2-960710663,S2-962454104,S2-968004629,S2-970451306,S2-980785760,S2-983988212,S2-99462737,S2-999940311,S3-103502659,S3-111181792,S3-113973333,S3-119626053,S3-120330611,S3-122716193,S3-143717382,S3-145697822,S3-152411510,S3-167669278,S3-169342723,S3-170193764,S3-181175418,S3-20795623,S3-214911384,S3-218108544,S3-225312696,S3-256451687,S3-266797197,S3-27630759,S3-284026407,S3-294247965,S3-315851919,S3-352229414,S3-358528273,S3-369449736,S3-380113570,S3-398575693,S3-404954210,S3-432060266,S3-43222892,S3-460652623,S3-470121393,S3-481622772,S3-481906530,S3-500244008,S3-502746683,S3-508737588,S3-516840601,S3-522624401,S3-524293725,S3-530534207,S3-540124980,S3-549699930,S3-55010173,S3-55932031,S3-569110171,S3-569499618,S3-582689941,S3-582886939,S3-595736882,S3-620908181,S3-643407941,S3-650189986,S3-675182143,S3-676384466,S3-693996129,S3-701920380,S3-716490032,S3-753768861,S3-759807887,S3-777637107,S3-781005551,S3-790950513,S3-811426277,S3-84713322,S3-848311785,S3-859495986,S3-880337651,S3-880695782,S3-885454628,S3-920161472,S3-95114435,S3-958632763,S3-961104014,S3-98654142,S3-997358658"
S1-358927120,"S2-100676991,S2-209671063,S2-306922175,S2-412583689,S2-435063162,S2-441316346,S2-555716915,S2-62829824,S2-663701892,S2-928635359,S2-935207527,S2-980757550,S3-246986308,S3-286670435,S3-325146751,S3-419885666,S3-745733285,S3-762055379,S3-899714798,S3-941935150,S3-947893597,S3-959832265"
S1-337122273,"S2-353788887,S2-389074131,S2-399383689,S2-473642720,S2-544674535,S2-549522617,S2-712510450,S2-780357780,S2-789711646,S2-815602099,S2-970894647,S3-111940469,S3-119324541,S3-1753395,S3-201965357,S3-239578169,S3-313769147,S3-336697476,S3-411913486,S3-50374457,S3-5133499,S3-526909380,S3-592884814,S3-630297565,S3-676270832,S3-867565104,S3-922550338,S3-970733221,S3-978325093"
S1-650650055,"S3-108663466,S3-411650441"
S1-834257002,"S2-108197339,S2-109800469,S2-140796098,S2-148054463,S2-224135478,S2-41493057,S2-439163135,S2-448776905,S2-467903681,S2-492690381,S2-508639766,S2-516299707,S2-597024243,S2-609196645,S2-665541388,S2-66771030,S2-694073194,S2-73289414,S2-754522704,S2-760650160,S2-768694729,S2-772762419,S2-780364055,S2-789764739,S2-798589387,S2-809206079,S2-857352209,S2-871596900,S2-913170244,S2-992926454,S2-995679693,S3-124695610,S3-141829391,S3-160110545,S3-167579991,S3-183282595,S3-207823676,S3-208497251,S3-262451165,S3-310588246,S3-332758132,S3-340507262,S3-361657743,S3-411433637,S3-426617067,S3-435828199,S3-439518272,S3-453208078,S3-462685489,S3-472548374,S3-479846603,S3-484061635,S3-514166056,S3-51841915,S3-585584755,S3-696671435,S3-715398406,S3-726527220,S3-822746818,S3-861035683,S3-867229288,S3-890299204,S3-901997932,S3-919047965,S3-959368796"
S1-937349180,"S2-452301089,S3-482806811"
S1-725006887,"S2-207693620,S2-266323597,S2-467407687,S2-903960106,S2-934382557,S3-164498054,S3-55655468,S3-578976399,S3-610262940,S3-871915154"
S1-820730560,"S2-104187102,S2-133862153,S2-199515763,S2-254777324,S2-269372842,S2-274390379,S2-283752758,S2-28901364,S2-311170606,S2-34720757,S2-361285600,S2-385613031,S2-400311068,S2-444994541,S2-44518009,S2-457153781,S2-485623357,S2-501030713,S2-508372655,S2-54081201,S2-556906889,S2-592398636,S2-625541502,S2-640220497,S2-663342292,S2-670799536,S2-690552129,S2-71802108,S2-732332029,S2-804612202,S2-821717867,S2-826207178,S2-835296898,S2-859710077,S2-863409430,S2-87543137,S2-882229437,S2-894734345,S2-906076632,S2-951388595,S2-982210024,S3-14833555,S3-148346347,S3-157577006,S3-163560437,S3-172183208,S3-210263077,S3-2332244,S3-262346841,S3-274862063,S3-346272244,S3-366624395,S3-378661211,S3-412997909,S3-446150633,S3-45788133,S3-505247186,S3-53462822,S3-564429606,S3-567518433,S3-582942873,S3-583260467,S3-598165573,S3-603632664,S3-60824684,S3-624820206,S3-663308911,S3-664084827,S3-683698946,S3-705863748,S3-729071271,S3-773883197,S3-779677365,S3-807947911,S3-859495493,S3-878722677,S3-88967336,S3-90517720,S3-942016167,S3-978770903,S3-988944772"
S1-47803313,"S2-272560848,S3-462498782,S3-726347844"
S1-385569722,"S2-258265243,S2-755645360,S2-886941185,S3-165536809,S3-259123796,S3-266279756,S3-301572751,S3-928775723"
S1-453884385,S3-807166499
S1-650304466,"S2-120807912,S2-138154935,S2-157819707,S2-296857116,S2-310786087,S2-318009266,S2-32184378,S2-383821256,S2-411720838,S2-487845446,S2-549723196,S2-684712281,S2-825567227,S2-897519906,S2-937785155,S2-952319704,S2-956853695,S3-116459845,S3-142282208,S3-153114764,S3-242302421,S3-28487348,S3-300948918,S3-346334033,S3-369503450,S3-39329320,S3-400147170,S3-443567711,S3-460520036,S3-467561722,S3-526011719,S3-533348794,S3-535250175,S3-547774374,S3-561727681,S3-597801182,S3-601001414,S3-655332635,S3-662462001,S3-711968805,S3-750573619,S3-78077068,S3-785560465,S3-796962302,S3-797337828,S3-843864609,S3-857392225,S3-859596042,S3-86851839,S3-896533346,S3-962999397,S3-971777352,S3-991123962"
S1-762839052,"S2-133459460,S2-155398119,S2-162578946,S2-183123103,S2-186051367,S2-189522442,S2-190694898,S2-220152592,S2-242588199,S2-252641622,S2-292150457,S2-328706446,S2-341411187,S2-343566512,S2-347517651,S2-377921227,S2-415356005,S2-434947124,S2-442099802,S2-462448957,S2-549263109,S2-614982807,S2-634910168,S2-638786406,S2-649102045,S2-664093200,S2-674046538,S2-700130,S2-711313605,S2-715460557,S2-739904100,S2-781450774,S2-804787437,S2-828514479,S2-850466073,S2-861631580,S2-874231614,S2-878804448,S2-901582825,S2-913296330,S2-928867306,S2-932289507,S2-962088463,S3-198684180,S3-210286509,S3-254160297,S3-256502380,S3-311734150,S3-318522179,S3-32965476,S3-339906161,S3-368439725,S3-383472275,S3-389257610,S3-393258326,S3-398496487,S3-427097049,S3-464552592,S3-499023849,S3-586672982,S3-592114339,S3-597675884,S3-612195082,S3-615471371,S3-622079501,S3-66491771,S3-668046388,S3-689643077,S3-729366186,S3-737656618,S3-854245605,S3-857795172,S3-881246107,S3-895861157,S3-902867943,S3-904360969,S3-906791967,S3-961823219,S3-969268047"
S1-550679918,"S2-178104474,S2-589834183,S3-269690794,S3-275453020,S3-607752074,S3-762503099"
S1-659666950,"S2-112591423,S2-115628359,S2-143612139,S2-240048010,S2-243122737,S2-254663554,S2-262509470,S2-361494414,S2-402158550,S2-422584264,S2-424998513,S2-43009798,S2-44290848,S2-483626311,S2-485885002,S2-489623463,S2-491725211,S2-498934178,S2-501036746,S2-52371422,S2-597694282,S2-621663546,S2-649519469,S2-664108852,S2-682036916,S2-68607233,S2-690205102,S2-692313839,S2-743952688,S2-746828821,S2-751407165,S2-753359934,S2-766775923,S2-816439209,S2-824384473,S2-884544238,S2-90119287,S2-938237512,S2-960785170,S3-133659541,S3-166197919,S3-173873861,S3-190418100,S3-201976546,S3-214093048,S3-269283294,S3-321089621,S3-32245527,S3-325382677,S3-340665809,S3-347752419,S3-353297791,S3-360235054,S3-380073847,S3-380441697,S3-381303531,S3-388532820,S3-438632373,S3-449050115,S3-455011823,S3-487982216,S3-492492105,S3-508290929,S3-537475602,S3-545844339,S3-613434481,S3-629256241,S3-636367698,S3-658846820,S3-692734626,S3-70480060,S3-776755674,S3-807704941,S3-809474653,S3-809579255,S3-817749941,S3-823109955,S3-851056863,S3-86754177,S3-876900758,S3-884363346,S3-893532377,S3-895520665,S3-909181638,S3-914733427,S3-939467801,S3-944553625,S3-969028532,S3-985090284"
S1-772914073,"S2-110893002,S2-149485458,S2-222833745,S2-269177273,S2-283264445,S2-307790439,S2-330025709,S2-342025542,S2-350720502,S2-380782645,S2-383355616,S2-441637872,S2-474124252,S2-494447684,S2-510842397,S2-548500463,S2-568028008,S2-598544923,S2-609549538,S2-627682672,S2-641629728,S2-645925142,S2-690789382,S2-742922226,S2-755491655,S2-848156443,S2-857086247,S2-877940400,S2-898655795,S2-905378431,S2-910593325,S2-962892499,S2-988974568,S2-992019566,S3-114243623,S3-181982417,S3-22649261,S3-229827184,S3-232381585,S3-232613120,S3-246561621,S3-251704853,S3-25205985,S3-264729325,S3-305241994,S3-309969687,S3-318403806,S3-347087196,S3-357973657,S3-372150037,S3-375249964,S3-400687465,S3-415590169,S3-423860084,S3-435146671,S3-451183945,S3-464028691,S3-469801508,S3-487438667,S3-529817666,S3-73958887,S3-756138914,S3-786115151,S3-814153651,S3-848208306,S3-848583182,S3-867048965,S3-909995903,S3-934885295,S3-960391568,S3-967635715,S3-976245265,S3-97940593"
S1-860482342,"S2-112568195,S2-165654299,S2-227087413,S2-236862174,S2-256393403,S2-303854659,S2-310548026,S2-344185035,S2-348655429,S2-362298533,S2-363411286,S2-364825033,S2-37334607,S2-376162044,S2-4045583,S2-46349999,S2-464215817,S2-474568101,S2-487559804,S2-498800847,S2-516870300,S2-526926528,S2-539362493,S2-57475788,S2-576878239,S2-581302943,S2-626000638,S2-646514064,S2-697087037,S2-705708442,S2-712619367,S2-73669847,S2-738872632,S2-758989840,S2-775117013,S2-782592441,S2-790080617,S2-791236419,S2-838395782,S2-840365395,S2-840963972,S2-853058328,S2-862834747,S2-868351479,S2-874452325,S2-921872992,S2-925186565,S2-940832734,S2-949729542,S2-957880956,S2-968757727,S2-970361864,S2-987368197,S3-124539621,S3-210279455,S3-260033085,S3-273680820,S3-310466561,S3-329534988,S3-337764402,S3-393812032,S3-47730479,S3-488933707,S3-518978010,S3-535995764,S3-537992484,S3-541136785,S3-562563073,S3-571402344,S3-577250548,S3-581615225,S3-586164835,S3-605590373,S3-610906411,S3-610920835,S3-62402122,S3-624838264,S3-671818220,S3-724537265,S3-771902681,S3-81259050,S3-817570492,S3-833798995,S3-853305906,S3-8883516,S3-94448292,S3-967680146,S3-970732444,S3-985583010"
S1-813052697,"S2-100153653,S2-108718587,S2-110979820,S2-117259512,S2-174129066,S2-245051697,S2-414558275,S2-423411786,S2-435578578,S2-48725229,S2-497823537,S2-500222489,S2-545909600,S2-693647039,S2-751639743,S2-78267304,S2-826790006,S2-850578743,S2-90530348,S2-906038794,S2-936852489,S2-972461738,S2-986629134,S3-107996711,S3-127121015,S3-139021944,S3-215751097,S3-237542653,S3-257354344,S3-279593139,S3-279628654,S3-292657923,S3-334076961,S3-371325224,S3-40644612,S3-406642337,S3-422753458,S3-427567218,S3-468693520,S3-472444076,S3-520597061,S3-534316412,S3-534613625,S3-544773186,S3-557957924,S3-56250000,S3-57063593,S3-576974624,S3-605519624,S3-659876366,S3-664078063,S3-674731678,S3-692011714,S3-726379336,S3-755591334,S3-764816895,S3-793008679,S3-897778566,S3-947224654,S3-963242645,S3-998016659"
S1-366528589,"S2-389139482,S2-714074029,S2-93487521,S3-109893633,S3-240161350,S3-357480482,S3-597641719,S3-658738067,S3-749188100,S3-930998415"
S1-720336913,"S3-18265349,S3-264217503,S3-494714595"
S1-640880009,"S2-997045095,S3-694780852"
S1-887500171,"S2-122456576,S2-138095008,S2-169043051,S2-177235783,S2-19486657,S2-198283258,S2-205283758,S2-239070834,S2-259017641,S2-271505956,S2-284015443,S2-285398158,S2-286876293,S2-298440133,S2-312003618,S2-319710173,S2-349669522,S2-352524806,S2-408956215,S2-438701571,S2-44427487,S2-464726955,S2-499383307,S2-507143,S2-518070384,S2-53725511,S2-555300384,S2-563540722,S2-670437611,S2-682964084,S2-689879571,S2-69354231,S2-718560204,S2-726355196,S2-844003614,S2-869784503,S2-888564112,S2-944169544,S2-945532055,S2-981156356,S3-10459329,S3-1339983,S3-135683156,S3-17584888,S3-179232269,S3-180105856,S3-190335009,S3-195887077,S3-232155316,S3-356584421,S3-386285087,S3-38936571,S3-392236413,S3-408820854,S3-422815078,S3-456593429,S3-497198833,S3-502461129,S3-503058813,S3-519324158,S3-521783865,S3-533215192,S3-540093376,S3-553611635,S3-573314762,S3-600864845,S3-604655394,S3-609821464,S3-650247863,S3-654148754,S3-656277116,S3-6785536,S3-686450431,S3-69852166,S3-733735582,S3-757239848,S3-764774359,S3-776065082,S3-788268534,S3-790686227,S3-816832013,S3-827240655,S3-869986843,S3-877924260,S3-895661812,S3-908954983,S3-942328957,S3-968294109,S3-997983359"
S1-971996731,"S2-101337037,S2-129319947,S2-176836723,S2-178779915,S2-193182845,S2-203007589,S2-208257360,S2-273016165,S2-289376410,S2-332920331,S2-383168624,S2-405652205,S2-421089651,S2-427035087,S2-466846237,S2-525884428,S2-583207109,S2-606087329,S2-687266851,S2-720304745,S2-907695321,S2-981943356,S2-982463484,S2-983250265,S2-988566947,S3-189969228,S3-203690501,S3-213571431,S3-24285581,S3-253492060,S3-258970374,S3-266789161,S3-276084112,S3-283592810,S3-29698559,S3-404758598,S3-410764289,S3-418034321,S3-477071911,S3-555656613,S3-567619836,S3-59794342,S3-63472877,S3-652252594,S3-713584644,S3-725282988,S3-727626744,S3-739581106,S3-768398277,S3-783237056,S3-792593299,S3-844468139,S3-905497206,S3-918214418,S3-919157892,S3-925442843,S3-98461062,S3-998051891"
S1-104317115,"S2-113879845,S2-117832070,S2-162720099,S2-169536513,S2-176460599,S2-178752751,S2-180634553,S2-188476037,S2-205684855,S2-21480418,S2-219381945,S2-23553112,S2-242789628,S2-246941213,S2-252460814,S2-25371757,S2-272264130,S2-311500917,S2-316201286,S2-318946614,S2-323390792,S2-339887043,S2-391293566,S2-39306652,S2-400508408,S2-41439720,S2-42557818,S2-447902259,S2-460645513,S2-465340664,S2-473118859,S2-503863835,S2-518055291,S2-526485547,S2-564261177,S2-587657473,S2-60795562,S2-620762671,S2-623298671,S2-628337164,S2-636831550,S2-659622793,S2-669992894,S2-675262465,S2-679313049,S2-691911539,S2-695919422,S2-714884412,S2-717371074,S2-726196608,S2-730445836,S2-746307229,S2-762538561,S2-82343398,S2-839919858,S2-853578683,S2-86707779,S2-875002141,S2-885911460,S2-893651892,S2-922070344,S2-924936637,S2-928633630,S2-947896922,S2-947934443,S2-959392634,S3-106213767,S3-115223735,S3-117575529,S3-119104424,S3-1553243,S3-158535190,S3-159930187,S3-172981525,S3-186638392,S3-195840736,S3-200662409,S3-228318557,S3-231750147,S3-245921597,S3-317098248,S3-323873416,S3-336834935,S3-337406201,S3-339191081,S3-355122519,S3-358432918,S3-359754423,S3-360780165,S3-368878502,S3-394858338,S3-426499775,S3-451850430,S3-452741742,S3-468054227,S3-484024669,S3-491139468,S3-504771088,S3-51093252,S3-52515526,S3-554938665,S3-556823884,S3-577689079,S3-599404502,S3-602709025,S3-62404058,S3-652379511,S3-658428956,S3-665728580,S3-674357597,S3-702105679,S3-703771795,S3-720099512,S3-738947940,S3-739179587,S3-741815994,S3-748156390,S3-750624184,S3-772377302,S3-788060680,S3-810131313,S3-819791476,S3-820525519,S3-830307062,S3-830758507,S3-831516299,S3-841024536,S3-841369747,S3-841734573,S3-861281287,S3-866811231,S3-878168604,S3-900341855,S3-909388499,S3-912225618,S3-920761549,S3-925688160,S3-938734485,S3-948784540,S3-963102264,S3-96795509,S3-972781028,S3-983202645"
S1-518257638,"S2-275375188,S2-778498978,S2-779547355,S2-899076436,S3-240202786"
S1-884660527,"S2-134319138,S2-298281864,S2-390082453,S2-592056745,S2-687272455,S2-690262598,S2-787129258,S2-788086869,S2-988964655,S3-158105558,S3-339011836,S3-724981940,S3-802537098,S3-844405433,S3-918055462,S3-966662001"
S1-910004085,"S2-110904364,S2-122663086,S2-151429693,S2-155138353,S2-15571876,S2-163144320,S2-175696582,S2-219268710,S2-219731897,S2-23739905,S2-254797379,S2-259254879,S2-266592280,S2-27738520,S2-299149415,S2-303201573,S2-317931503,S2-386724887,S2-411224156,S2-414037284,S2-487248093,S2-526434956,S2-580599447,S2-592250864,S2-625665790,S2-633188544,S2-727756641,S2-757918548,S2-802693248,S2-824132334,S2-835489415,S2-85856138,S2-901862694,S2-904573383,S2-920706385,S2-944219062,S2-957669373,S2-963975854,S2-983744163,S2-987434889,S2-988371892,S3-139463294,S3-148710825,S3-174074503,S3-183890166,S3-188629882,S3-200747266,S3-262971911,S3-294256922,S3-313793222,S3-337374598,S3-342523923,S3-373374029,S3-377060072,S3-401367888,S3-451888694,S3-46215429,S3-463786976,S3-519893413,S3-523709607,S3-527642797,S3-54808490,S3-57624254,S3-590155241,S3-596206766,S3-597416169,S3-639067460,S3-661249181,S3-69105812,S3-705254678,S3-707853989,S3-708337376,S3-750757384,S3-756715764,S3-836777420,S3-862115387,S3-88165467,S3-945385829,S3-947841255,S3-951031854,S3-961797494,S3-971953221,S3-976170494,S3-985048593,S3-993946074"
S1-591894902,"S2-372458033,S2-820152143,S2-848860693,S3-319063462,S3-351147322,S3-543669635,S3-662320078,S3-809196284,S3-969007918"
S1-142638295,"S2-517534561,S2-619316727,S2-859100204,S3-149829087,S3-312614592,S3-326279946,S3-38298918,S3-615509209,S3-870476199"
S1-950720921,"S2-152671133,S2-188321945,S2-283675051,S2-33926639,S2-40676688,S2-424392027,S2-429137652,S2-435734109,S2-448355009,S2-538087961,S2-567273417,S2-64960194,S2-654562074,S2-674525362,S2-707259686,S2-710254316,S2-721757473,S2-781377929,S2-803734373,S2-825885514,S2-891025355,S2-90928248,S2-922424982,S2-959934692,S2-964176601,S2-992570250,S2-994698399,S3-208157569,S3-347095194,S3-386254475,S3-38771762,S3-431588293,S3-446548920,S3-50445567,S3-547688322,S3-552163432,S3-58913259,S3-644284262,S3-713957142,S3-743424497,S3-796446290,S3-808815457,S3-833031043,S3-844042071,S3-845334811,S3-871164203,S3-879833838,S3-935930463,S3-946655600,S3-954752572"
S1-183285524,
S1-714649207,"S2-212835906,S2-220025568,S2-311498543,S2-479124662,S2-491216315,S2-591458591,S2-638526353,S2-648512305,S2-764473352,S2-844440381,S2-86413289,S3-111769061,S3-186012942,S3-191836224,S3-338206919,S3-360994614,S3-528367030,S3-604314732,S3-662542410,S3-730723372,S3-749713246,S3-796017641,S3-834925784,S3-875054090,S3-961333847"
S1-841168517,
S1-819898451,"S2-103811439,S2-105609096,S2-160823657,S2-167452033,S2-19400062,S2-209622054,S2-213317166,S2-218724234,S2-234605140,S2-244144042,S2-30079429,S2-328794803,S2-333614704,S2-337360301,S2-389026253,S2-396153724,S2-412254468,S2-430958710,S2-450284961,S2-486507240,S2-57660528,S2-602331422,S2-624706351,S2-766474348,S2-790539300,S2-796837749,S2-835423619,S2-860062420,S2-885212289,S2-888825281,S2-99269459,S3-165763338,S3-180842436,S3-284453472,S3-306853514,S3-314845318,S3-347894106,S3-350935382,S3-367614197,S3-39519674,S3-427447205,S3-463278674,S3-509005412,S3-738600435,S3-745922096,S3-767638094,S3-815286913,S3-822806566,S3-828164274,S3-869976057,S3-91089529,S3-943831012,S3-963214197"
S1-949091955,"S2-227860375,S2-398889556,S2-41456153,S2-437006280,S2-4626408,S2-478357125,S2-811023848,S2-837360206,S3-131887487,S3-144333333,S3-174748812,S3-372133825,S3-420664889"
S1-552966879,"S2-120807912,S2-138154935,S2-141749259,S2-157819707,S2-296857116,S2-310786087,S2-318009266,S2-32184378,S2-383821256,S2-401547923,S2-411720838,S2-487845446,S2-549723196,S2-897519906,S2-937785155,S2-952319704,S2-956853695,S3-116459845,S3-142282208,S3-153114764,S3-28487348,S3-300948918,S3-345030241,S3-346334033,S3-369503450,S3-39329320,S3-400147170,S3-460520036,S3-467561722,S3-526011719,S3-533348794,S3-547774374,S3-561727681,S3-597801182,S3-601001414,S3-655332635,S3-662462001,S3-711968805,S3-750573619,S3-78077068,S3-785560465,S3-796962302,S3-797337828,S3-843864609,S3-857392225,S3-859596042,S3-864302896,S3-86851839,S3-896533346,S3-962999397,S3-971777352,S3-991123962"
S1-220057580,"S2-434164436,S2-439603060,S2-482704570,S2-810332449,S3-302838128,S3-446664304,S3-773049900"
S1-64462728,"S2-197492532,S2-682586639"
S1-807938084,"S2-117408012,S2-140239772,S2-155128849,S2-196920047,S2-200454250,S2-205670092,S2-236730713,S2-240048010,S2-244536346,S2-249779014,S2-262509470,S2-264544955,S2-323470221,S2-34583687,S2-361494414,S2-382520905,S2-413476714,S2-422584264,S2-424998513,S2-432415976,S2-44290848,S2-443767103,S2-448571876,S2-453377174,S2-472589500,S2-484294877,S2-489623463,S2-491725211,S2-522474757,S2-533729456,S2-540769419,S2-561831242,S2-597694282,S2-604893428,S2-621663546,S2-635891000,S2-649519469,S2-651672148,S2-652005706,S2-656182799,S2-658244591,S2-676090398,S2-682036916,S2-710266313,S2-722220055,S2-737246936,S2-737640293,S2-751407165,S2-811388231,S2-821949203,S2-8415538,S2-885835179,S2-891967442,S2-905532426,S2-9097586,S2-938237512,S2-938820087,S2-949752036,S2-974278418,S2-975659148,S2-976499881,S3-135863197,S3-142534241,S3-165337852,S3-214093048,S3-22479726,S3-277602558,S3-317207566,S3-319178417,S3-340665809,S3-341447193,S3-380073847,S3-381303531,S3-394226534,S3-435008828,S3-447259837,S3-480162512,S3-487982216,S3-49153004,S3-492492105,S3-518298420,S3-537475602,S3-545844339,S3-555465629,S3-557885864,S3-580848083,S3-587489108,S3-613434481,S3-615798474,S3-642314479,S3-660173531,S3-692734626,S3-705042575,S3-716946649,S3-736770765,S3-758408560,S3-762609024,S3-807704941,S3-809474653,S3-811262131,S3-823041837,S3-823935201,S3-84699529,S3-847615684,S3-847882343,S3-851056863,S3-86754177,S3-869805384,S3-872691447,S3-880603796,S3-890327423,S3-893202495,S3-894054651,S3-895520665,S3-908996282,S3-914135734,S3-933678090,S3-938914307,S3-939467801,S3-955156501,S3-969028532,S3-99874417"
S1-693870315,"S2-118916909,S2-147483891,S2-17853482,S2-182377131,S2-193510687,S2-225679664,S2-226359557,S2-228583557,S2-228830917,S2-232301612,S2-233306004,S2-246436905,S2-25469293,S2-267329801,S2-27046600,S2-293872168,S2-302118366,S2-314471968,S2-329357309,S2-371952565,S2-412942289,S2-417275383,S2-42262601,S2-422758057,S2-436185882,S2-443271648,S2-468776136,S2-475221902,S2-520321005,S2-525662290,S2-537783043,S2-538358423,S2-550192234,S2-561915559,S2-562106308,S2-570283829,S2-576829882,S2-577857669,S2-5808674,S2-582604294,S2-60682691,S2-63814065,S2-65616645,S2-666810841,S2-666891678,S2-671119196,S2-673419052,S2-674217560,S2-690797368,S2-719813387,S2-732155812,S2-764638118,S2-771880585,S2-777196761,S2-788342534,S2-790747215,S2-802271681,S2-808640458,S2-86912421,S2-873567298,S2-878884039,S2-926593422,S2-960440618,S2-962601675,S2-96597632,S2-993550499,S2-995997303,S3-117697562,S3-148503416,S3-157952784,S3-190889695,S3-193338334,S3-196910071,S3-235171242,S3-255731557,S3-25759504,S3-260419415,S3-261420624,S3-266959944,S3-297743257,S3-306223540,S3-357273424,S3-363811033,S3-37902607,S3-380385482,S3-380523986,S3-393879712,S3-404825213,S3-411652215,S3-425593898,S3-425715498,S3-427686932,S3-433112717,S3-438649741,S3-459022256,S3-464265492,S3-476813209,S3-500519667,S3-514652429,S3-534801927,S3-54796298,S3-54950780,S3-55982890,S3-573721806,S3-581743070,S3-594978800,S3-613662854,S3-628982800,S3-640375681,S3-641758179,S3-657464479,S3-701641546,S3-703086048,S3-703532178,S3-74666207,S3-76230273,S3-768660371,S3-836817224,S3-852084895,S3-863070168,S3-891219595,S3-893818826,S3-898344342,S3-921863275,S3-931358398,S3-943076810,S3-96096210,S3-963456148,S3-986739557"
S1-455827432,"S2-133736998,S2-250708628,S2-735890423,S2-85579075,S3-146270832,S3-201965357,S3-203217377,S3-236826228,S3-344640715,S3-366610971,S3-369605801,S3-379713185,S3-439161101,S3-541136085,S3-548008533,S3-567120413,S3-651030304,S3-67648842,S3-906574768"
S1-527611593,"S2-109286655,S2-127622422,S2-137707160,S2-146193186,S2-152523406,S2-163488566,S2-16869631,S2-203099161,S2-218619721,S2-234128208,S2-234463739,S2-23519898,S2-24952234,S2-26580958,S2-281665088,S2-305637735,S2-311974636,S2-319074079,S2-326108619,S2-329871976,S2-330344696,S2-340146518,S2-370900572,S2-389924615,S2-390627971,S2-402379517,S2-424723363,S2-438565549,S2-444544903,S2-445039677,S2-447880595,S2-447963596,S2-460637455,S2-47014468,S2-475421250,S2-476828892,S2-477995766,S2-479951785,S2-489180375,S2-506930268,S2-517589627,S2-517729144,S2-521874903,S2-53755513,S2-540587525,S2-54109572,S2-545123347,S2-551128687,S2-551229414,S2-555290311,S2-556195860,S2-566051128,S2-567666031,S2-568216269,S2-588474612,S2-601792102,S2-615651599,S2-621340848,S2-624649453,S2-64608266,S2-659062992,S2-714486407,S2-721273162,S2-722018212,S2-727758728,S2-730365063,S2-732779775,S2-73405617,S2-735804910,S2-771092155,S2-787065572,S2-801803424,S2-81869203,S2-832266307,S2-837126835,S2-837385439,S2-846642936,S2-848146774,S2-877613262,S2-902864222,S2-90493626,S2-906808660,S2-94679254,S2-964336613,S2-968159043,S2-986507216,S2-999038346,S3-125080891,S3-13473302,S3-138738397,S3-141135397,S3-145259167,S3-160593015,S3-163304966,S3-163458967,S3-168748626,S3-171882428,S3-181289504,S3-192534763,S3-193082249,S3-215842493,S3-223738134,S3-228660283,S3-256713770,S3-259455906,S3-27757596,S3-280977364,S3-283071962,S3-307669420,S3-311155935,S3-313281185,S3-318551037,S3-331985810,S3-356039312,S3-367713509,S3-373462158,S3-380891886,S3-385261724,S3-404861973,S3-441543576,S3-442588742,S3-452814469,S3-458510250,S3-459373673,S3-470766577,S3-504219115,S3-548585433,S3-549736271,S3-553516582,S3-565159581,S3-571468495,S3-586758631,S3-59547065,S3-601197303,S3-611106860,S3-616361472,S3-621264957,S3-633294168,S3-637471279,S3-641768317,S3-667815823,S3-676294317,S3-686781866,S3-68755886,S3-697396640,S3-704058883,S3-723110817,S3-727698517,S3-732439115,S3-744579416,S3-755405825,S3-760385246,S3-761354474,S3-785126381,S3-796276137,S3-799935713,S3-812550378,S3-816742816,S3-857937906,S3-872416531,S3-875055273,S3-880263680,S3-886064344,S3-931763417,S3-968779902,S3-96940497,S3-999397065"
S1-727773972,"S2-153502650,S2-173631750,S2-208142915,S2-2326543,S2-235791189,S2-284777044,S2-297259987,S2-331673463,S2-352507895,S2-379272877,S2-386032139,S2-483766529,S2-621212069,S2-640372480,S2-64253289,S2-732339370,S2-754042431,S2-763297131,S2-890428204,S2-895939802,S2-944506671,S2-966519378,S2-976003208,S2-991869053,S3-10497575,S3-119482634,S3-175195300,S3-179012918,S3-211979601,S3-224768215,S3-224886259,S3-24139544,S3-249852750,S3-25566315,S3-257866797,S3-30381899,S3-343086866,S3-349575527,S3-385762544,S3-395366282,S3-40129181,S3-481884781,S3-550185218,S3-627282696,S3-62743356,S3-649109731,S3-65383906,S3-686462330,S3-714908799,S3-736187592,S3-767107136,S3-80602358,S3-827520485,S3-846577187,S3-919029749,S3-925081903,S3-973803724,S3-990105007,S3-99733471"
S1-279446676,"S2-640372480,S2-866219722,S2-962569861"
S1-918109974,S3-827105638
S1-615018738,
S1-666592077,"S2-105177119,S2-174813227,S2-245969844,S2-25405386,S2-281818265,S2-325692890,S2-328994531,S2-50982233,S2-5262714,S2-562299673,S2-584897466,S2-619603414,S2-689900886,S2-745583713,S2-937189289,S2-996407749,S3-131889640,S3-145605485,S3-149503028,S3-159272704,S3-240722550,S3-258771211,S3-272728798,S3-291076687,S3-343229343,S3-439306669,S3-444815736,S3-509198692,S3-547668900,S3-574177678,S3-606157290,S3-648155271,S3-656074335,S3-731636724,S3-777737974,S3-812175245,S3-833970055,S3-838137074,S3-890588338,S3-975743522"
S1-509532493,"S2-108622373,S2-731309110,S2-964866802,S3-239397496,S3-332347020,S3-403508587,S3-447003747,S3-600526416,S3-621611991,S3-852412071"
S1-992285010,
S1-382076507,"S2-118674825,S2-18558428,S2-251311805,S2-259661772,S2-260839023,S2-273599220,S2-313609382,S2-341349443,S2-61743107,S2-695175095,S2-740992066,S2-858014574,S2-945874023,S3-102882344,S3-125295958,S3-140519281,S3-141429642,S3-182494294,S3-198744378,S3-260851891,S3-290362141,S3-342191949,S3-384633279,S3-419883567,S3-448866672,S3-542174661,S3-544100996,S3-613956986,S3-623589664,S3-62565557,S3-643319839,S3-748927776,S3-756831859,S3-782857753,S3-85598318,S3-962422235"
S1-185535466,"S2-107478784,S2-1396972,S2-249416997,S2-64453116,S2-681972404,S2-751402872,S2-823243394,S2-899411893,S2-904706758,S2-979460088,S3-196271796,S3-599698929,S3-622997959,S3-695241825,S3-809992587,S3-812693385,S3-8139110,S3-828697568,S3-93582373,S3-987731061"
S1-799535694,"S2-122111530,S2-133819497,S2-144521339,S2-188782714,S2-218067258,S2-269915770,S2-278143016,S2-278479997,S2-283513686,S2-347085290,S2-349336620,S2-353140145,S2-366639312,S2-371327899,S2-374481802,S2-395171961,S2-402973102,S2-404486735,S2-411445823,S2-411905972,S2-430717646,S2-436731851,S2-467789998,S2-487439097,S2-499494897,S2-53184326,S2-631255463,S2-665077110,S2-692066269,S2-692698181,S2-706648023,S2-771973719,S2-776949041,S2-779489051,S2-878161099,S2-908860299,S2-913169920,S2-928659767,S2-939735565,S3-112095256,S3-123489692,S3-129733207,S3-137610486,S3-156008758,S3-184079427,S3-186421823,S3-228669427,S3-248029119,S3-320037437,S3-331603547,S3-353720072,S3-353973830,S3-379982885,S3-415820845,S3-421973999,S3-450916330,S3-475603969,S3-495079847,S3-507875986,S3-540597652,S3-597929309,S3-61680180,S3-63261895,S3-648744815,S3-656830652,S3-660042342,S3-665839916,S3-696336274,S3-699969736,S3-71504117,S3-737664007,S3-776158833,S3-81164505,S3-845518080,S3-878680944,S3-891436568,S3-927437250,S3-972121366,S3-99294557"
S1-598558953,"S2-24644781,S2-299051020,S2-384146306,S2-434970463,S2-727778987,S3-125170789,S3-383514096,S3-46139475,S3-573737584,S3-679261033,S3-723460337,S3-970502050"
S1-222645796,
S1-192481319,"S2-118916909,S2-147483891,S2-163657158,S2-17853482,S2-182377131,S2-193510687,S2-225679664,S2-226359557,S2-228583557,S2-232301612,S2-233306004,S2-246436905,S2-25469293,S2-267329801,S2-27046600,S2-293872168,S2-302118366,S2-30242438,S2-305089827,S2-314471968,S2-329357309,S2-330693868,S2-371952565,S2-412942289,S2-417275383,S2-42262601,S2-422758057,S2-436185882,S2-443271648,S2-444642403,S2-451463282,S2-468776136,S2-471788842,S2-475221902,S2-520321005,S2-525662290,S2-535696361,S2-537783043,S2-538358423,S2-550192234,S2-561915559,S2-562106308,S2-570283829,S2-576829882,S2-577857669,S2-582604294,S2-60682691,S2-63814065,S2-65616645,S2-663184979,S2-663985768,S2-666810841,S2-666891678,S2-671119196,S2-673419052,S2-674217560,S2-690797368,S2-719813387,S2-732155812,S2-764638118,S2-771880585,S2-777196761,S2-788342534,S2-790747215,S2-802271681,S2-808640458,S2-811798347,S2-820064989,S2-86912421,S2-873567298,S2-878884039,S2-926593422,S2-960440618,S2-962601675,S2-96597632,S2-993550499,S2-995997303,S3-117697562,S3-148503416,S3-157952784,S3-190889695,S3-193338334,S3-196910071,S3-235171242,S3-255731557,S3-25759504,S3-260419415,S3-261420624,S3-266959944,S3-297743257,S3-306223540,S3-327382880,S3-344167502,S3-355951930,S3-357273424,S3-363811033,S3-37902607,S3-380385482,S3-380523986,S3-393879712,S3-404825213,S3-411652215,S3-425593898,S3-425715498,S3-427686932,S3-433112717,S3-438649741,S3-459022256,S3-464265492,S3-469958129,S3-476813209,S3-500519667,S3-514652429,S3-534801927,S3-54796298,S3-54950780,S3-55982890,S3-572432762,S3-573721806,S3-581743070,S3-606346688,S3-613662854,S3-628982800,S3-640375681,S3-641758179,S3-657464479,S3-696357239,S3-701641546,S3-703086048,S3-703532178,S3-74666207,S3-76230273,S3-76340991,S3-768660371,S3-81664953,S3-836817224,S3-852084895,S3-863070168,S3-893818826,S3-898344342,S3-921863275,S3-931358398,S3-943076810,S3-963456148,S3-976849016,S3-986560205,S3-986739557"
S1-413573159,S3-354193409
S1-782634160,"S2-116390537,S2-1258962,S2-131186669,S2-147445477,S2-164920454,S2-219066070,S2-25522264,S2-283675051,S2-304272541,S2-307956418,S2-332771680,S2-352820819,S2-371750015,S2-384171816,S2-397478587,S2-419256161,S2-430719233,S2-44528425,S2-468067303,S2-493391928,S2-497518701,S2-505763014,S2-526060215,S2-540873442,S2-543720234,S2-547681647,S2-552192451,S2-552693453,S2-616464963,S2-681782072,S2-708101560,S2-72106541,S2-723097211,S2-727134185,S2-733426326,S2-736201964,S2-738445050,S2-77137709,S2-772653978,S2-774260405,S2-780062951,S2-793332750,S2-80838782,S2-811100170,S2-849248140,S2-874075209,S2-900275593,S2-917312768,S2-923432289,S2-947625819,S2-972427766,S2-994698399,S2-995182122,S2-995952791,S3-103152765,S3-10444618,S3-124454343,S3-142598267,S3-146171981,S3-159094109,S3-174489741,S3-179845689,S3-190206226,S3-192281089,S3-200739789,S3-211202180,S3-248321453,S3-251109686,S3-313734405,S3-341722334,S3-356665159,S3-370180554,S3-398743645,S3-405534236,S3-405656157,S3-407948111,S3-442104505,S3-483863338,S3-490322754,S3-507175821,S3-509463068,S3-519831393,S3-529248802,S3-547688322,S3-549298,S3-553968070,S3-556053924,S3-560988841,S3-583984779,S3-615852307,S3-625034593,S3-631332691,S3-634432014,S3-638380686,S3-650010913,S3-662221368,S3-676364544,S3-680405878,S3-690667234,S3-694769270,S3-709917830,S3-713535741,S3-7325257,S3-801395670,S3-816855763,S3-817935002,S3-830943036,S3-834710181,S3-890328961,S3-893284689,S3-919652692,S3-931200264,S3-932127661,S3-947942209,S3-948086611,S3-995126909,S3-999712725"
S1-394334841,"S2-178104474,S2-661196101,S2-709516176,S2-812550702,S2-81425876,S2-885354497,S3-110928933,S3-231952300,S3-275453020,S3-609671298,S3-615356718,S3-775395996"
S1-759762834,"S2-152714697,S2-173659972,S2-183600166,S2-187357367,S2-205005303,S2-224452865,S2-229523864,S2-262581210,S2-270708146,S2-304703011,S2-311163440,S2-331733497,S2-344956759,S2-348900347,S2-381258750,S2-398555313,S2-416136682,S2-421049238,S2-424599024,S2-450374429,S2-479840534,S2-498283420,S2-514278006,S2-525219551,S2-538582987,S2-559479026,S2-56254647,S2-566204709,S2-584230800,S2-595169618,S2-636805045,S2-642736336,S2-650289538,S2-696199996,S2-704746175,S2-712672846,S2-735012157,S2-790695031,S2-815181762,S2-820880546,S2-893511218,S2-919585353,S2-930485983,S2-936487316,S2-950170744,S2-960946763,S3-126108201,S3-133651765,S3-159729640,S3-179939743,S3-181583954,S3-185420330,S3-192713652,S3-20531187,S3-21250177,S3-212512954,S3-244181137,S3-303974048,S3-318435642,S3-330359437,S3-344876478,S3-395229350,S3-406452547,S3-43103744,S3-452403478,S3-461525971,S3-465838963,S3-496782763,S3-524365760,S3-55407729,S3-594482788,S3-600089954,S3-62575524,S3-682397855,S3-686244553,S3-689468380,S3-696690652,S3-709835660,S3-736673545,S3-737368121,S3-740862441,S3-750577886,S3-755122174,S3-756956960,S3-78872148,S3-805987623,S3-8099047,S3-82173993,S3-83399978,S3-84059207,S3-885944413,S3-8944639,S3-910750284,S3-911110527,S3-913007049,S3-956059747,S3-973484056,S3-997063274"
S1-653070765,"S2-461966166,S2-538695,S2-933250001,S3-309772295,S3-581899231"
S1-94096071,"S2-121808907,S2-129068134,S2-154195211,S2-161545092,S2-167075079,S2-210354852,S2-258426119,S2-325986663,S2-412384596,S2-426918845,S2-427125238,S2-520280887,S2-551369973,S2-594749545,S2-604308033,S2-66354294,S2-703814445,S2-73658166,S2-74561781,S2-792168877,S2-818023379,S2-839421932,S2-847930705,S2-866717180,S2-951415889,S2-95409207,S2-987703082,S3-20949485,S3-229848590,S3-383731346,S3-522092597,S3-572091269,S3-611215767,S3-635634114,S3-683936956,S3-745324324,S3-815484431,S3-843074674,S3-847384473,S3-902133469,S3-966746635,S3-985130022"
S1-682391735,"S2-785912089,S2-981691950,S3-246324686,S3-251770802"
S1-559968662,S3-493795189
S1-964877324,"S2-175987742,S2-230612454,S2-779455668,S2-834028716,S2-961432901"
S1-883416047,"S2-11670369,S2-146021424,S2-211355990,S2-212913219,S2-227717348,S2-227860375,S2-234289048,S2-243346746,S2-252872545,S2-258324258,S2-265210885,S2-291330782,S2-303037664,S2-340827725,S2-348424823,S2-381054184,S2-41456153,S2-449452467,S2-456487662,S2-473944983,S2-4927799,S2-49324659,S2-505150723,S2-51043321,S2-513612210,S2-538744698,S2-552342917,S2-556734147,S2-579777488,S2-625902745,S2-660311765,S2-668805682,S2-674051837,S2-674604936,S2-684535985,S2-689967503,S2-703068833,S2-724998574,S2-72894107,S2-761756526,S2-763009269,S2-817235585,S2-855415699,S2-880692223,S2-88364909,S2-969595440,S3-11341631,S3-11540191,S3-135009024,S3-149597191,S3-155262751,S3-159783015,S3-166024297,S3-184038095,S3-198508352,S3-216689018,S3-217484904,S3-222306979,S3-240296423,S3-261920231,S3-269012831,S3-299603866,S3-306833301,S3-32196315,S3-324335643,S3-328167820,S3-345459523,S3-348879827,S3-360915051,S3-393769757,S3-411650441,S3-413363791,S3-420664889,S3-429468127,S3-431084906,S3-48277552,S3-496440095,S3-501965992,S3-517069981,S3-520005053,S3-547613965,S3-646187813,S3-64680692,S3-671760815,S3-688279495,S3-718307142,S3-72737523,S3-732893902,S3-734898479,S3-737750349,S3-759411378,S3-78738331,S3-800729527,S3-807920036,S3-828296621,S3-88673494,S3-902640883,S3-903865441,S3-955889239,S3-964552018,S3-977845400,S3-984503126,S3-990258479"
S1-182458975,"S2-11116451,S2-121541294,S2-313670026,S2-314240782,S2-315001936,S2-369174145,S2-474126118,S2-591554825,S2-632078568,S2-639885343,S2-667544232,S2-706057389,S2-771222036,S2-797130651,S2-89660732,S2-897270738,S3-20204974,S3-231115948,S3-237292178,S3-29204075,S3-387765198,S3-597923085,S3-664350944,S3-669831866,S3-673487710,S3-704618992,S3-736479808,S3-743301641,S3-806522958,S3-853101256,S3-87593470,S3-976626436"
S1-339269492,"S2-129068134,S2-167075079,S2-210354852,S2-258426119,S2-325986663,S2-426918845,S2-427125238,S2-551369973,S2-594749545,S2-604308033,S2-703814445,S2-792168877,S2-818023379,S2-839421932,S2-951415889,S2-95409207,S2-987703082,S3-20949485,S3-229848590,S3-383731346,S3-522092597,S3-572091269,S3-611215767,S3-815484431,S3-843074674,S3-985130022"
S1-621676240,S2-946434260
S1-103138354,"S2-118015442,S2-154896876,S2-167668369,S2-17667673,S2-187851870,S2-193016113,S2-209306738,S2-214045922,S2-225974496,S2-306194907,S2-388303443,S2-413762958,S2-476468994,S2-517772502,S2-51926196,S2-527012256,S2-583423469,S2-587483588,S2-616321482,S2-63154920,S2-668226695,S2-670795197,S2-692830284,S2-723353323,S2-753100466,S2-835588115,S2-841559379,S2-854221208,S2-862685395,S2-865328212,S2-88163825,S2-890799994,S3-116557348,S3-213566232,S3-281331397,S3-293216569,S3-307108724,S3-332977820,S3-351645299,S3-363885267,S3-381145536,S3-391754538,S3-394895658,S3-436130792,S3-437164892,S3-439568182,S3-461291527,S3-465687052,S3-501288152,S3-501670567,S3-511712302,S3-568715258,S3-58268615,S3-593560824,S3-600658933,S3-603265857,S3-63155643,S3-636713638,S3-643531990,S3-667013641,S3-75129316,S3-780604171,S3-852850407,S3-874815801,S3-889096689,S3-906802156,S3-936796478,S3-941863098,S3-943800401,S3-993269074"
S1-279963953,S2-897876703
S1-317707487,"S3-679529253,S3-945895251"
S1-391244573,"S2-152714697,S2-183600166,S2-224452865,S2-229523864,S2-262581210,S2-311163440,S2-331733497,S2-344956759,S2-348900347,S2-398555313,S2-411697167,S2-416136682,S2-424599024,S2-450374429,S2-479840534,S2-498283420,S2-514278006,S2-525219551,S2-538582987,S2-559479026,S2-584230800,S2-595169618,S2-636805045,S2-696199996,S2-735012157,S2-790695031,S2-815181762,S2-820880546,S2-869492269,S2-870080655,S2-89387649,S2-919585353,S2-950170744,S2-960946763,S3-133651765,S3-159729640,S3-179939743,S3-181583954,S3-185420330,S3-192713652,S3-20531187,S3-21250177,S3-233959742,S3-273267741,S3-303974048,S3-318435642,S3-321272416,S3-330359437,S3-344876478,S3-395229350,S3-406452547,S3-43103744,S3-446664304,S3-461525971,S3-496782763,S3-524365760,S3-567419654,S3-59390885,S3-594482788,S3-682397855,S3-686244553,S3-689468380,S3-736673545,S3-737368121,S3-740862441,S3-750577886,S3-755122174,S3-756956960,S3-78872148,S3-833684487,S3-83399978,S3-84059207,S3-863272339,S3-8944639,S3-895487725,S3-904387164,S3-910750284,S3-911110527,S3-927481062,S3-956059747,S3-973484056"
S1-603458137,"S2-10469228,S2-192540920,S2-208890076,S2-299890701,S2-349405434,S2-401440468,S2-457185936,S2-538121894,S2-565787935,S2-619483487,S2-786006021,S2-788344240,S2-795868119,S2-843725986,S2-89474571,S2-98775184,S3-186875006,S3-194593889,S3-215096194,S3-254561692,S3-383378872,S3-533630743,S3-58404053,S3-681546386,S3-70784381,S3-746631397,S3-790687673,S3-820131547,S3-82058561,S3-906359112,S3-934711861,S3-966707080,S3-967056290,S3-998558993"
S1-429550703,
S1-302219416,"S2-108641786,S2-115362738,S2-119218058,S2-225875508,S2-236736296,S2-237808599,S2-2576332,S2-285457050,S2-290662910,S2-302816833,S2-322737020,S2-34433329,S2-388029707,S2-403203763,S2-459695465,S2-472073409,S2-509377287,S2-568530409,S2-58323966,S2-597802427,S2-604193919,S2-659192854,S2-703403495,S2-714970296,S2-722633324,S2-735966612,S2-741486325,S2-867590973,S2-934716922,S2-987028311,S3-105121176,S3-110576858,S3-118195718,S3-119356478,S3-235731414,S3-23777620,S3-241559211,S3-277971730,S3-2876633,S3-300901896,S3-341424618,S3-355784600,S3-386894294,S3-420526329,S3-428919536,S3-434785021,S3-498077217,S3-507307953,S3-535093933,S3-55390962,S3-561985545,S3-599179842,S3-59952547,S3-602454206,S3-605461689,S3-606186900,S3-614671258,S3-615347245,S3-616549205,S3-632185025,S3-660659868,S3-670006196,S3-678235512,S3-688939004,S3-704182822,S3-707123822,S3-750884875,S3-755110316,S3-762642223,S3-77655688,S3-797737427,S3-79862179,S3-829088121,S3-834289716,S3-869511694,S3-869901823,S3-87185064,S3-880532265,S3-890982723,S3-891163793,S3-915330451,S3-922303938,S3-953740737"
S1-693956169,"S2-113476662,S2-11399040,S2-117641198,S2-137459676,S2-140967971,S2-142919569,S2-148202605,S2-160641880,S2-175532277,S2-182250103,S2-183734900,S2-186323318,S2-268677405,S2-273265532,S2-276975445,S2-286986058,S2-287553406,S2-323942240,S2-326541231,S2-357973381,S2-380925429,S2-393791360,S2-434787777,S2-488950804,S2-514477715,S2-518648711,S2-527491631,S2-554836741,S2-556973443,S2-564049490,S2-573403688,S2-57353589,S2-584739653,S2-585256617,S2-642379815,S2-651740526,S2-677611473,S2-690072954,S2-699193098,S2-743611656,S2-744092910,S2-752039767,S2-771081348,S2-774664132,S2-798366757,S2-806978517,S2-828902755,S2-842058228,S2-859385826,S2-883799231,S2-908572167,S2-919675684,S2-929087667,S2-948702725,S2-950059670,S2-964463489,S3-101001523,S3-122144990,S3-159157932,S3-160580124,S3-167649889,S3-1800524,S3-185089796,S3-210130602,S3-21356594,S3-233882157,S3-23518063,S3-239466939,S3-245747772,S3-25281609,S3-274269512,S3-279686843,S3-288528673,S3-293226687,S3-315560425,S3-36221036,S3-385551587,S3-436224263,S3-449787572,S3-462985844,S3-46325749,S3-492131586,S3-505470672,S3-566162301,S3-578934239,S3-580297488,S3-581781272,S3-584028612,S3-638089565,S3-640765698,S3-674755686,S3-683998320,S3-696238121,S3-719550924,S3-726938417,S3-727153783,S3-734973628,S3-738601650,S3-740900748,S3-744251626,S3-801458660,S3-809083820,S3-813037581,S3-815098380,S3-835122363,S3-839414204,S3-843774856,S3-855928482,S3-917051307,S3-917528637,S3-989515837,S3-997870187"
S1-837916944,"S2-172233159,S2-245606125,S2-275993207,S2-357499145,S2-396366670,S2-406495539,S2-412247491,S2-452380997,S2-504852953,S2-581890388,S2-646862887,S2-664123114,S2-685130074,S2-723872693,S2-814390412,S2-921072655,S2-928548232,S2-983169183,S3-153709538,S3-170093050,S3-183786380,S3-255657902,S3-272471614,S3-279908440,S3-310904415,S3-338437898,S3-372792768,S3-434851344,S3-439463359,S3-477023147,S3-525583949,S3-579763186,S3-586562997,S3-596909294,S3-652819075,S3-722876667,S3-738448203,S3-752843708,S3-761948839,S3-824831963,S3-925964689,S3-931509980,S3-945445902"
S1-336786786,"S2-122929275,S2-137180602,S2-175036914,S2-186033639,S2-234992726,S2-24800294,S2-292606860,S2-354144824,S2-364111458,S2-381491850,S2-402668476,S2-424599291,S2-443994937,S2-462579313,S2-477073381,S2-484898793,S2-550501086,S2-625203637,S2-719605285,S2-771686527,S2-77711793,S2-809330256,S2-814206532,S2-83410620,S2-839472548,S2-85144335,S2-865677331,S2-866656540,S2-867453593,S2-943529138,S2-945953936,S2-953805733,S2-996033459,S2-997271010,S3-107673176,S3-12314914,S3-124263632,S3-132177644,S3-197833928,S3-317735431,S3-447228643,S3-462314932,S3-479068648,S3-505353609,S3-522863058,S3-537932752,S3-575196603,S3-591923711,S3-600704329,S3-606663719,S3-60718083,S3-628961901,S3-680851246,S3-754341174,S3-772851894,S3-785588872,S3-78871116,S3-805307413,S3-818422595,S3-820177024,S3-82057246,S3-870558068,S3-879510519,S3-916810288,S3-932686955,S3-94388532,S3-963228055"
S1-800911534,"S2-305714966,S2-375151053,S2-682976658,S2-714344794,S3-183908526,S3-388204281,S3-604715797,S3-613135619,S3-800070274"
S1-181883447,"S2-104769383,S2-124035848,S2-146884818,S2-174067945,S2-175527408,S2-259406265,S2-321308609,S2-335173353,S2-367421312,S2-373593345,S2-382696361,S2-496569011,S2-571152274,S2-595632852,S2-622505955,S2-652415085,S2-672698414,S2-67455305,S2-727815106,S2-918973885,S2-927661826,S2-960011814,S2-960229601,S2-983921832,S2-990787030,S2-997149889,S3-107757096,S3-137931626,S3-187891712,S3-196744268,S3-222293323,S3-245984723,S3-261853672,S3-325262873,S3-343093316,S3-357699492,S3-449196818,S3-470968349,S3-494603003,S3-530213977,S3-552049907,S3-555755015,S3-601704155,S3-602206274,S3-69729963,S3-700611915,S3-705699348,S3-710805509,S3-714208112,S3-797638440,S3-814843124,S3-825366131,S3-857044383,S3-867263634,S3-870867359,S3-925679725,S3-980791812"
S1-1433093,"S2-100684955,S2-133043449,S2-151772630,S2-166823866,S2-172931439,S2-224100536,S2-249029051,S2-249211904,S2-249864429,S2-273057297,S2-274092656,S2-278550237,S2-304924107,S2-305636121,S2-315938874,S2-363789657,S2-411275632,S2-429789658,S2-438799394,S2-468645216,S2-49843366,S2-528066598,S2-588745763,S2-6128875,S2-62416257,S2-625178724,S2-630787123,S2-647918412,S2-65541216,S2-657004361,S2-717528382,S2-746051750,S2-778054427,S2-805068624,S2-805328552,S2-824266066,S2-830788857,S2-835343544,S2-851636302,S2-87473476,S2-894804096,S2-930382947,S2-93470011,S2-985024705,S2-986256216,S3-104521219,S3-131773767,S3-155137912,S3-160771007,S3-195711976,S3-231992200,S3-240584831,S3-262561718,S3-27671604,S3-283353905,S3-285213061,S3-287003501,S3-289000533,S3-329727473,S3-343205595,S3-358002921,S3-358923793,S3-394288708,S3-403157488,S3-448642939,S3-465364917,S3-475164562,S3-482876179,S3-501167583,S3-509730977,S3-566239227,S3-576994826,S3-581309049,S3-654216843,S3-709629289,S3-725967453,S3-738496929,S3-76562507,S3-785748503,S3-788253962,S3-81458328,S3-814751250,S3-814823746,S3-827906890,S3-831051614,S3-89272133,S3-900993099,S3-930127335,S3-942347180,S3-95114095,S3-982003631,S3-98328680,S3-993648164"
S1-733472967,"S2-194241870,S2-20839428,S2-214111708,S2-245651045,S2-291924408,S2-305518448,S2-322701594,S2-324476050,S2-361438680,S2-363312407,S2-469205972,S2-54901149,S2-583585553,S2-639237773,S3-190009157,S3-192892090,S3-227827588,S3-26820059,S3-278595025,S3-333420168,S3-389641536,S3-401472252,S3-461069276,S3-495269610,S3-508283072,S3-515747426,S3-530750848,S3-538492919,S3-573797000,S3-602583391,S3-641488020,S3-656686413,S3-672930639,S3-680633920,S3-704542936,S3-729175054,S3-758895439,S3-760000898,S3-775556362,S3-795364385,S3-86054732,S3-904501012,S3-966440671,S3-981142977"
S1-89100953,"S2-157845190,S2-16149207,S2-189273846,S2-206048699,S2-215161590,S2-236420794,S2-262584446,S2-315515632,S2-321502572,S2-34329854,S2-395802601,S2-403611025,S2-410498594,S2-411773002,S2-438704568,S2-475128670,S2-486415357,S2-524068313,S2-53600006,S2-557944627,S2-56321998,S2-585703905,S2-61368935,S2-618990121,S2-621425641,S2-637036577,S2-663865134,S2-664573530,S2-666316775,S2-71544017,S2-723597531,S2-73238327,S2-734979295,S2-743673384,S2-747679396,S2-752910681,S2-754302744,S2-761208097,S2-774325912,S2-777971512,S2-858360388,S2-858928482,S2-89970404,S2-909130034,S2-911919526,S2-928063745,S2-928376667,S2-943550088,S2-96975908,S2-972087927,S2-980552823,S3-106632444,S3-106739244,S3-155863840,S3-157922001,S3-216482370,S3-246353423,S3-247878585,S3-258295008,S3-261054764,S3-283837786,S3-286097925,S3-288818284,S3-308389620,S3-317165971,S3-320986895,S3-396930838,S3-404982359,S3-411609589,S3-426144204,S3-43287379,S3-446184621,S3-461771069,S3-463053952,S3-489881000,S3-500926282,S3-501915888,S3-506447991,S3-515256215,S3-534683320,S3-53535202,S3-555323241,S3-573486269,S3-57414953,S3-623045511,S3-627329272,S3-634479124,S3-679914871,S3-686832342,S3-689214610,S3-689467051,S3-695959763,S3-699474112,S3-700671201,S3-706944390,S3-712703391,S3-735148308,S3-739497989,S3-759656363,S3-764309883,S3-776030941,S3-790882473,S3-806117796,S3-812853393,S3-823417113,S3-826439882,S3-847328521,S3-871389748,S3-874213390,S3-893737840,S3-899013279,S3-917298621,S3-923677479,S3-928813841"
S1-848293840,"S2-129206464,S2-137820506,S2-154060438,S2-154841114,S2-168780966,S2-211092999,S2-211281839,S2-262516740,S2-281222144,S2-293830644,S2-386006521,S2-451766122,S2-468799680,S2-496883836,S2-539325349,S2-544163733,S2-705965047,S2-707259925,S2-711950052,S2-726746024,S2-812367477,S2-850097252,S2-865011987,S2-903592542,S2-909745274,S2-918629166,S2-932902115,S2-956930163,S2-961709272,S2-965021526,S2-967080091,S2-973074537,S2-973792760,S3-107281096,S3-127380542,S3-147592807,S3-192074497,S3-217427762,S3-220725935,S3-244124318,S3-264126161,S3-328314847,S3-333888229,S3-375897732,S3-439091192,S3-44178346,S3-521302824,S3-544251967,S3-546809841,S3-554827882,S3-600764394,S3-669318824,S3-694447518,S3-711430755,S3-716596737,S3-721268124,S3-740112106,S3-741835199,S3-757028366,S3-762840029,S3-781299150,S3-790605137,S3-807687704,S3-847237964,S3-858159591,S3-938812449,S3-982827473"
S1-17003766,"S2-13072938,S2-13682032,S2-20869901,S2-216581706,S2-225590910,S2-234233670,S2-247738094,S2-250708628,S2-290610600,S2-399569338,S2-452245743,S2-482075294,S2-519959909,S2-571936974,S2-61011233,S2-655877016,S2-704784114,S2-711709039,S2-748226846,S2-790883248,S2-795638586,S2-816390814,S2-829602188,S2-876889991,S2-886036522,S2-887500281,S2-896679036,S2-913195122,S2-920659605,S2-926387302,S2-940240220,S2-991736902,S3-101410302,S3-125273561,S3-170859479,S3-174497076,S3-213603178,S3-226788061,S3-233941087,S3-235024831,S3-263237696,S3-280541618,S3-281302626,S3-287919006,S3-302566298,S3-318930254,S3-321562687,S3-369941843,S3-398336588,S3-410392259,S3-437742410,S3-455546969,S3-462381740,S3-485038334,S3-489941683,S3-553672269,S3-554085780,S3-554700151,S3-576866747,S3-608666370,S3-664710868,S3-82856355,S3-841750876,S3-845445437,S3-868927600,S3-878948097,S3-909444108,S3-913254865,S3-921850387,S3-960889502,S3-963392613,S3-970559838,S3-972847653"
S1-915512126,"S2-148150788,S2-240651016,S2-261091175,S2-261591814,S2-262934077,S2-274899707,S2-281814132,S2-299848868,S2-325448542,S2-328522961,S2-332783591,S2-387488334,S2-445959715,S2-462223749,S2-468870700,S2-476476786,S2-480545250,S2-505281043,S2-537487648,S2-538214016,S2-565578979,S2-611109083,S2-629135992,S2-630279782,S2-679224916,S2-732647268,S2-734527330,S2-753395262,S2-794478116,S2-817215507,S2-854539909,S2-89642010,S2-904483643,S2-915316517,S2-923877787,S2-930209084,S2-973811291,S2-977525819,S2-991126031,S3-122124738,S3-127052845,S3-16235813,S3-164531190,S3-211230794,S3-213865376,S3-241115451,S3-303322076,S3-314202185,S3-322630377,S3-329823477,S3-34352179,S3-348058065,S3-360333694,S3-372770007,S3-37392694,S3-394904935,S3-419972694,S3-426246378,S3-443930786,S3-462208858,S3-474611442,S3-48292204,S3-48610040,S3-526323246,S3-540446630,S3-573394955,S3-578222157,S3-588887129,S3-593249224,S3-628325063,S3-647753608,S3-655163463,S3-659278034,S3-734858178,S3-738732737,S3-800884602,S3-838790644,S3-871719592,S3-901586832,S3-912515505,S3-940041134,S3-979084269,S3-989931499"
S1-901504091,"S2-855379701,S3-311492411,S3-911259113"
S1-724741475,"S2-239563682,S2-288879371,S2-420816752,S2-528686133,S2-597085641,S2-680133409,S2-725309490,S2-738565092,S2-744271440,S3-161763406,S3-167188465,S3-247632454,S3-278799224,S3-459700094,S3-842918166,S3-953807928"
S1-851421910,"S3-16878522,S3-177391666,S3-591401052"
S1-430298053,"S2-123749916,S2-145998122,S2-196262364,S2-196599810,S2-201350696,S2-20940531,S2-211194839,S2-213232996,S2-218142604,S2-228043636,S2-255182968,S2-256945478,S2-273980142,S2-32465995,S2-343408640,S2-365487618,S2-388802333,S2-390561860,S2-393133386,S2-398155221,S2-406883681,S2-407160704,S2-410936191,S2-436639368,S2-465849879,S2-477045812,S2-493716426,S2-501822562,S2-523466623,S2-532708976,S2-546106962,S2-551447872,S2-563028756,S2-577101665,S2-577253485,S2-601147209,S2-607335711,S2-628867895,S2-697767618,S2-719013321,S2-747285616,S2-768613402,S2-777281021,S2-827757112,S2-849329177,S2-885147355,S2-901886232,S3-127970728,S3-194090158,S3-195439779,S3-245510188,S3-284357509,S3-299023634,S3-31882713,S3-331880758,S3-354726222,S3-438938964,S3-463235898,S3-509957303,S3-530713998,S3-551023248,S3-586684390,S3-586928900,S3-600639277,S3-606096329,S3-712431594,S3-713234470,S3-738692849,S3-770472534,S3-770657896,S3-774154355,S3-797061179,S3-860232672,S3-888019218,S3-893696149,S3-923721430,S3-95438049"
S1-307277652,"S2-200623085,S2-20231453,S2-255807513,S2-331483512,S2-418168015,S2-589171072,S2-717796811,S2-778262117,S2-830958772,S2-831114333,S2-879874027,S2-89240147,S2-913712414,S2-969016897,S2-987861904,S3-121119364,S3-155972994,S3-230417929,S3-305915600,S3-416707560,S3-436480804,S3-462612360,S3-53217793,S3-611954606,S3-708562078,S3-755097771,S3-796337435,S3-878582479,S3-882914012,S3-928427614,S3-951591233"
S1-503010787,"S2-143612139,S2-155128849,S2-240048010,S2-243122737,S2-262509470,S2-34583687,S2-402158550,S2-424998513,S2-483626311,S2-485885002,S2-501036746,S2-510167281,S2-597694282,S2-649519469,S2-664108852,S2-690205102,S2-692313839,S2-746828821,S2-753359934,S2-8415538,S2-852099896,S2-884544238,S2-90119287,S2-976499881,S3-133659541,S3-173873861,S3-201976546,S3-321089621,S3-32245527,S3-325382677,S3-340665809,S3-341447193,S3-353297791,S3-360235054,S3-381303531,S3-388532820,S3-449050115,S3-487251418,S3-487982216,S3-492492105,S3-545844339,S3-70480060,S3-776755674,S3-809474653,S3-809579255,S3-817749941,S3-86754177,S3-876900758,S3-893532377,S3-909181638,S3-914733427,S3-939467801,S3-944553625,S3-969028532,S3-985090284"
S1-520627257,"S2-144187963,S2-494067699,S2-537115257,S2-620394303,S2-656074162,S2-670144771,S2-754529082,S2-778212524,S2-818129818,S2-829533261,S2-908987305,S2-950305999,S3-328040627,S3-762723566,S3-818935744,S3-825779684"
S1-667272642,"S2-187119816,S2-196613960,S2-257349282,S2-269098468,S2-326046453,S2-370515215,S2-39765864,S2-404142853,S2-468427870,S2-485377927,S2-555124789,S2-574584543,S2-604867386,S2-63082253,S2-639593498,S2-671788102,S2-7010119,S2-748394573,S2-783703941,S2-847014050,S2-920233551,S2-979608338,S3-309194877,S3-414036886,S3-425908319,S3-46440014,S3-572176821,S3-646993952,S3-670167142,S3-676307816,S3-69037052,S3-696077585,S3-734747152,S3-737153310,S3-767272904,S3-773498036,S3-878324708,S3-981293140"
S1-827961773,"S2-213666317,S2-21614827,S2-514032204,S2-688920343,S2-736715017,S2-779939298,S2-871343207,S2-886484824,S3-106710114,S3-692076163,S3-695435202,S3-837837164,S3-847475784,S3-861473390,S3-939137128,S3-990008069,S3-999871953"
S1-255349799,"S2-182288088,S2-19015012,S2-249352974,S3-536109241,S3-803869424,S3-962607637"
S1-418524279,"S2-154994469,S2-217954506,S3-34670301,S3-454679189,S3-748405286"
S1-661144640,"S2-106849526,S2-120638028,S2-124349635,S2-157639702,S2-165200918,S2-177434266,S2-212353115,S2-213066512,S2-250237928,S2-261210990,S2-322554268,S2-325531303,S2-336622791,S2-351625181,S2-358878256,S2-36096107,S2-368346570,S2-468899290,S2-477302457,S2-49911419,S2-503462713,S2-533748083,S2-551467333,S2-579051355,S2-58767689,S2-599640629,S2-651571609,S2-659667401,S2-67196640,S2-698545870,S2-708544704,S2-765044773,S2-778357279,S2-781526354,S2-825322709,S2-828855744,S2-836543310,S2-881352883,S2-896007056,S2-922152004,S2-937397598,S2-951661363,S2-953553123,S2-98348512,S2-987072189,S2-999266674,S3-109415205,S3-109924937,S3-114028902,S3-133771072,S3-145013872,S3-181386097,S3-190996769,S3-199617731,S3-207380063,S3-209525410,S3-212004631,S3-258840115,S3-271608303,S3-291753134,S3-29707466,S3-301050143,S3-361212289,S3-371402127,S3-37365625,S3-378770756,S3-395400724,S3-424037298,S3-443871996,S3-44570790,S3-455423900,S3-463903693,S3-488032031,S3-490669464,S3-494070681,S3-508997180,S3-520719876,S3-529330832,S3-560511603,S3-581339241,S3-583995178,S3-587889709,S3-626034570,S3-628290302,S3-642241380,S3-665757025,S3-684346035,S3-687679650,S3-693215512,S3-693376081,S3-718367920,S3-719931077,S3-736798421,S3-747453373,S3-769518935,S3-773434119,S3-793696961,S3-819961537,S3-822484290,S3-825195191,S3-832638348,S3-840801529,S3-854793049,S3-864604449,S3-871534944,S3-940783539,S3-943360788,S3-95522602,S3-961390251,S3-961785225,S3-968823663"
S1-892745196,"S2-395436183,S3-207997848,S3-482737159"
S1-751409146,
S1-13506955,S3-687960798
S1-262020943,"S2-121933134,S2-138013558,S2-147066328,S2-147224246,S2-166564831,S2-168845782,S2-170973254,S2-189721636,S2-204645732,S2-205624613,S2-206486667,S2-210513817,S2-212948497,S2-220236172,S2-237067819,S2-239867699,S2-250023481,S2-253440977,S2-261347002,S2-261721339,S2-27760613,S2-283876454,S2-288724810,S2-297867066,S2-311751510,S2-334464586,S2-337178862,S2-347389411,S2-347555508,S2-357935842,S2-380706848,S2-396288280,S2-416362828,S2-417510915,S2-430052970,S2-431691221,S2-431834266,S2-438922697,S2-44181649,S2-455200410,S2-457621528,S2-475059764,S2-477516563,S2-488801817,S2-538196235,S2-558197010,S2-560736172,S2-561536964,S2-593932144,S2-604252590,S2-621162588,S2-632321059,S2-634942099,S2-637499904,S2-639235015,S2-646842635,S2-652063475,S2-662450261,S2-668206975,S2-672552028,S2-673676882,S2-679945432,S2-680468889,S2-690046200,S2-713152877,S2-753604209,S2-754306745,S2-757852897,S2-761954042,S2-783611095,S2-796153176,S2-80030619,S2-801028367,S2-807409738,S2-816282812,S2-822536212,S2-823364966,S2-830019599,S2-833103206,S2-854631341,S2-886091006,S2-895289649,S2-915876521,S2-916091471,S2-919979843,S2-930705691,S2-938865725,S2-942825819,S2-946618521,S2-952817727,S2-960710663,S2-962454104,S2-968004629,S2-970451306,S2-980785760,S2-983988212,S2-99462737,S3-103502659,S3-107925175,S3-111181792,S3-113973333,S3-115046197,S3-119626053,S3-120330611,S3-122716193,S3-143717382,S3-145697822,S3-152411510,S3-167669278,S3-169342723,S3-170193764,S3-181175418,S3-20795623,S3-214911384,S3-225312696,S3-256451687,S3-265365104,S3-266797197,S3-27630759,S3-284026407,S3-294247965,S3-344773389,S3-352229414,S3-358528273,S3-369449736,S3-380113570,S3-398263713,S3-398575693,S3-404954210,S3-410705316,S3-415566983,S3-432060266,S3-43222892,S3-443163577,S3-460652623,S3-470121393,S3-481622772,S3-481906530,S3-500244008,S3-502746683,S3-508737588,S3-516840601,S3-522624401,S3-524293725,S3-530534207,S3-540124980,S3-549699930,S3-55010173,S3-55932031,S3-569110171,S3-569499618,S3-582689941,S3-582886939,S3-595736882,S3-620908181,S3-643407941,S3-650189986,S3-675182143,S3-676384466,S3-693996129,S3-701920380,S3-716490032,S3-751773795,S3-753768861,S3-759807887,S3-765170320,S3-777637107,S3-781005551,S3-787218946,S3-790950513,S3-811426277,S3-84713322,S3-848311785,S3-859495986,S3-880337651,S3-880695782,S3-920161472,S3-95114435,S3-958632763,S3-961104014,S3-98654142,S3-997358658"
S1-746909581,"S2-108310185,S2-16197483,S2-220191670,S2-357139528,S2-372717695,S2-396538001,S2-420303113,S2-423536344,S2-470541284,S2-473478607,S2-481946162,S2-490413303,S2-491851777,S2-520720812,S2-545961593,S2-592836402,S2-636015121,S2-719499928,S2-755935635,S2-769088940,S2-83411714,S2-84294594,S2-882848533,S2-920069304,S3-109589149,S3-138514872,S3-145744078,S3-186982633,S3-19396114,S3-213762499,S3-23882359,S3-263752720,S3-313182507,S3-332312773,S3-364718311,S3-38741891,S3-401770223,S3-402255846,S3-403003120,S3-505398333,S3-518971181,S3-558210810,S3-582289961,S3-590047508,S3-66567123,S3-667577595,S3-704173048,S3-709742859,S3-746860417,S3-785589887,S3-787296825,S3-833749338,S3-837061209,S3-869750705,S3-87526296,S3-9302339,S3-930519254,S3-942123829,S3-952019022,S3-958459482,S3-963769332,S3-972792881"
S1-481776787,"S2-119341457,S2-236951711,S2-237209707,S2-259415755,S2-286678429,S2-289680773,S2-319110116,S2-355725569,S2-378530573,S2-397206600,S2-435215753,S2-495960715,S2-552480060,S2-576657941,S2-591114629,S2-609923135,S2-614636774,S2-619545438,S2-630730259,S2-651867177,S2-657740664,S2-740478513,S2-800983404,S2-839415047,S2-862000237,S2-87284666,S2-891230476,S2-908237910,S2-935296845,S2-938971434,S2-948180855,S2-969679435,S3-108590200,S3-12787099,S3-17144795,S3-174148783,S3-186903102,S3-19003952,S3-249624801,S3-307619427,S3-311753273,S3-322822656,S3-335006398,S3-341673608,S3-46157443,S3-463713434,S3-480814467,S3-483161834,S3-509132333,S3-553384344,S3-605278522,S3-623128386,S3-699098449,S3-714863745,S3-738758511,S3-739386281,S3-746277872,S3-866899914,S3-903561652,S3-913232410,S3-991179212"
S1-870654726,"S2-1671300,S2-408325016,S2-419824011,S2-491729969,S2-638072141,S2-65284847,S2-660745366,S2-737471973,S2-744384640,S2-805273772,S2-811023848,S2-832537800,S2-866058022,S2-98896928,S2-990747706,S3-101036051,S3-129490192,S3-135907540,S3-205111330,S3-238208192,S3-356449608,S3-469132181,S3-490251316,S3-553465960,S3-579528681,S3-630099897,S3-686986580,S3-691403514,S3-792808746,S3-817161138,S3-81964172,S3-960155182"
S1-459183905,"S2-107735460,S2-136996306,S2-158678843,S2-186906745,S2-217223981,S2-248130312,S2-248601405,S2-249962597,S2-268308856,S2-282757675,S2-312397594,S2-338104796,S2-3533197,S2-371153547,S2-382992771,S2-388112160,S2-393071393,S2-409654666,S2-443606836,S2-466486938,S2-466624414,S2-474491374,S2-478479001,S2-527370993,S2-530569520,S2-53084416,S2-541706242,S2-598253468,S2-625716783,S2-634062175,S2-737505741,S2-737858969,S2-780768777,S2-784394951,S2-787316653,S2-793481204,S2-826058164,S2-839020887,S2-850775657,S2-883815362,S2-895801076,S2-927573547,S2-936163128,S2-940234085,S2-952382616,S2-977350958,S3-15247115,S3-159179709,S3-195736268,S3-205613692,S3-230937555,S3-231654603,S3-252133610,S3-254258571,S3-267317871,S3-318709024,S3-332198782,S3-362997335,S3-382328733,S3-411872979,S3-442144280,S3-449675354,S3-466990124,S3-492760952,S3-510694856,S3-528550787,S3-540602830,S3-551414586,S3-552599122,S3-563757586,S3-577873857,S3-596631872,S3-606536333,S3-614135494,S3-620784517,S3-655733069,S3-656099387,S3-660337855,S3-676980831,S3-703229698,S3-706251080,S3-706962501,S3-708598379,S3-729273261,S3-790378506,S3-809001449,S3-851806313,S3-869958851,S3-89108777,S3-94039337,S3-974339074,S3-985717730"
S1-782456413,"S2-142644996,S2-145336002,S2-185371660,S2-226188917,S2-279071487,S2-292148648,S2-373947868,S2-406284100,S2-410097822,S2-421627349,S2-436970609,S2-470499122,S2-677504021,S2-69588499,S2-706256681,S2-746518616,S2-805852246,S2-829714452,S2-842628309,S2-891068902,S2-910429483,S2-911595810,S3-110499246,S3-122921708,S3-134196859,S3-145958651,S3-2712037,S3-282487204,S3-357523866,S3-358240283,S3-361903786,S3-420974392,S3-55542981,S3-592187119,S3-59742295,S3-684304669,S3-72233512,S3-735100334,S3-746687069,S3-747671667,S3-755630668,S3-820856494,S3-844239158,S3-869182348,S3-904792339,S3-918633255,S3-924748182,S3-934847289,S3-939209566,S3-966451487,S3-975766430,S3-985302341"
S1-687813152,
S1-528962373,
S1-133484055,"S2-448135270,S2-828131425,S2-877443712,S2-99389198,S3-142946260,S3-771950062,S3-961858478"
S1-784673398,"S2-388958281,S2-641290779,S2-68582068,S3-327533167,S3-608406362"
S1-162954117,"S2-424359496,S2-551907378,S2-775330636,S3-871967455"
S1-547053441,
S1-302536542,"S2-106352233,S2-157523293,S2-160820194,S2-166886907,S2-173400892,S2-227562885,S2-233827881,S2-238456927,S2-274196054,S2-279614940,S2-316529759,S2-322076524,S2-327688338,S2-32853407,S2-344390896,S2-377373335,S2-44035259,S2-461962060,S2-474034600,S2-497699182,S2-503650672,S2-505006977,S2-554304764,S2-565351387,S2-56956763,S2-579386975,S2-585585464,S2-61344176,S2-626865811,S2-633888738,S2-702216900,S2-729048345,S2-779720058,S2-780032801,S2-844042673,S2-867324975,S2-920429745,S2-951752732,S2-96762576,S3-100227129,S3-106624626,S3-116079008,S3-14735800,S3-147409964,S3-157339874,S3-229963061,S3-296041215,S3-298077184,S3-299416924,S3-300170564,S3-301093346,S3-354505388,S3-364414385,S3-366058287,S3-446382295,S3-46080035,S3-466126064,S3-468253009,S3-501693284,S3-518481158,S3-54659473,S3-589839155,S3-615258827,S3-62772223,S3-629133280,S3-641985768,S3-759647821,S3-790187880,S3-792835157,S3-811459169,S3-812929764,S3-840163256,S3-847902959,S3-878028238,S3-884062190,S3-887190687,S3-891390001,S3-953947930,S3-957003577,S3-96581713,S3-967720338,S3-971524739,S3-981526152,S3-989434454,S3-990236947,S3-995262442"
S1-457601305,"S2-126361402,S2-275125360,S2-28348802,S2-309726366,S2-321700740,S2-335849500,S2-36651565,S2-41523484,S2-539797788,S2-575306580,S2-605370724,S2-61225963,S2-67577631,S2-822330069,S2-860211076,S3-149298407,S3-153874016,S3-193236664,S3-310384847,S3-365782401,S3-424650004,S3-503487565,S3-532309087,S3-555703871,S3-567691471,S3-575680850,S3-592149509,S3-677962074,S3-682931186,S3-685331774,S3-688339397,S3-70528841,S3-7410175,S3-88948974,S3-962932830"
S1-488635826,"S2-923953835,S3-412892449,S3-553109877,S3-598568146"
S1-349698918,"S2-977932055,S3-294883041"
S1-72706873,"S2-10684220,S2-156596087,S2-187370452,S2-417738290,S2-436115830,S2-438748930,S2-65807310,S2-681593910,S2-682299951,S2-705684042,S2-719376925,S2-728117099,S2-755616181,S2-8515461,S2-857956444,S2-934748918,S2-936711237,S2-937292438,S2-955617265,S3-103549817,S3-162242768,S3-211561054,S3-255561282,S3-26422509,S3-329806371,S3-449512754,S3-458523616,S3-461058047,S3-473940115,S3-474413690,S3-477189337,S3-524381328,S3-566811411,S3-642783949,S3-679312058,S3-690972266,S3-74427391,S3-769958910,S3-830646187,S3-841271593,S3-951041514"
S1-78029452,S3-21089719
S1-717385838,S2-858496130
S1-11379912,"S2-68630946,S2-97921137,S3-950311269"
S1-655700316,"S2-106352233,S2-443044132,S2-76088354,S3-235626634,S3-373238389,S3-599120803,S3-73379152"
S1-484349079,S2-552375209
S1-595486290,"S2-100408047,S2-109811495,S2-139451084,S2-139455141,S2-147794956,S2-152157970,S2-169339199,S2-279344772,S2-304641664,S2-304673281,S2-342184546,S2-362298658,S2-405810669,S2-411967947,S2-434865013,S2-479296972,S2-493543131,S2-517012835,S2-51738888,S2-525265715,S2-531652915,S2-53311320,S2-560734319,S2-581712338,S2-58226230,S2-646969997,S2-649326597,S2-688561435,S2-712948212,S2-743560781,S2-758783514,S2-793605349,S2-810136573,S2-837429306,S2-864819442,S2-871919463,S2-879679933,S2-908698353,S2-94023926,S2-960740219,S2-978307502,S2-997943718,S3-130389682,S3-145135273,S3-157906466,S3-223679648,S3-257918987,S3-264633545,S3-284702369,S3-297724053,S3-333773609,S3-355846323,S3-378756967,S3-385973191,S3-390657247,S3-411178618,S3-412658201,S3-435308924,S3-451804809,S3-479012,S3-507800669,S3-527217342,S3-538473548,S3-612464081,S3-636894733,S3-654514302,S3-715608426,S3-752467478,S3-753164863,S3-775936416,S3-869619159,S3-872821130,S3-885898907,S3-903236277,S3-937115562,S3-942545775"
S1-889012090,S3-451380040
S1-748500004,"S2-233378365,S2-523446538,S2-574119193,S2-960074729,S3-585358627,S3-765720263"
S1-587404171,"S2-469305953,S3-43840946,S3-510680024,S3-670123871"
S1-986604838,"S2-242535459,S2-353003139,S2-823976661,S3-327899356,S3-332300293"
S1-766408899,"S2-122377908,S2-155021509,S2-348923380,S2-367933519,S2-379335559,S2-419464022,S2-460796334,S2-462994198,S2-498589580,S2-59751310,S2-615385105,S2-647747433,S2-668297612,S2-811776364,S2-853340368,S3-130731205,S3-231694604,S3-325046709,S3-354404741,S3-357708997,S3-445314633,S3-470707524,S3-497015519,S3-573500616,S3-576751328,S3-717510,S3-755899537,S3-783623195,S3-803627479,S3-805491705,S3-846257690,S3-958755935,S3-966665637,S3-98186645"
S1-507163415,"S2-106352233,S2-109020534,S2-166886907,S2-170630707,S2-227562885,S2-233827881,S2-238456927,S2-316529759,S2-344390896,S2-377373335,S2-399763191,S2-44035259,S2-461962060,S2-497699182,S2-503650672,S2-505006977,S2-521673134,S2-529283400,S2-585585464,S2-633888738,S2-702216900,S2-715977310,S2-729048345,S2-739053823,S2-760716578,S2-816651864,S2-844042673,S2-891359475,S2-920429745,S2-951752732,S2-964338893,S2-96762576,S2-977822117,S3-100227129,S3-106624626,S3-157339874,S3-206455943,S3-217169499,S3-253728264,S3-282698144,S3-283471837,S3-296041215,S3-299416924,S3-300170564,S3-301093346,S3-354505388,S3-366058287,S3-372202936,S3-423014971,S3-441136867,S3-446382295,S3-46080035,S3-468253009,S3-518481158,S3-529169587,S3-571021273,S3-586814730,S3-589839155,S3-62355979,S3-629133280,S3-659401789,S3-701384495,S3-730123145,S3-759647821,S3-783875728,S3-792835157,S3-805974028,S3-812929764,S3-847902959,S3-878028238,S3-882873695,S3-891390001,S3-940730097,S3-953947930,S3-957003577,S3-96581713,S3-967720338,S3-971524739,S3-981526152,S3-989434454,S3-992806420,S3-995262442"
S1-873761236,"S2-111908524,S2-151564750,S2-157736035,S2-17479886,S2-195011737,S2-244326323,S2-326162646,S2-366650536,S2-382001388,S2-394576072,S2-411384132,S2-413240982,S2-423797820,S2-427967044,S2-454447953,S2-467027707,S2-469242244,S2-475339542,S2-507612265,S2-510593003,S2-532973096,S2-538408685,S2-54220234,S2-544808894,S2-557517465,S2-582182250,S2-643036049,S2-663959226,S2-686298107,S2-690368889,S2-734595594,S2-744635603,S2-746773931,S2-74859473,S2-773415118,S2-788070218,S2-814372073,S2-816389600,S2-830911930,S2-843184743,S2-849922183,S2-865137666,S2-901758717,S2-953036246,S3-113465532,S3-121279498,S3-125776910,S3-195656735,S3-225993069,S3-233665874,S3-260280729,S3-261463289,S3-269964480,S3-288116610,S3-307532828,S3-339344708,S3-39115533,S3-393476343,S3-396100992,S3-451664879,S3-457307384,S3-479259215,S3-506285301,S3-522987341,S3-570302023,S3-587067304,S3-604523212,S3-607578397,S3-624773882,S3-725846625,S3-73001146,S3-7473454,S3-765183173,S3-792913736,S3-827297363,S3-835773604,S3-877704360,S3-903727778,S3-918142795,S3-947115241,S3-949107064,S3-961654200,S3-968408145,S3-984202777"
S1-655802552,"S2-661143069,S3-172406339"
S1-327983313,"S2-100684955,S2-166823866,S2-249029051,S2-249864429,S2-273057297,S2-274092656,S2-305636121,S2-315938874,S2-411275632,S2-562046488,S2-588745763,S2-62416257,S2-625178724,S2-657004361,S2-746051750,S2-824266066,S2-830788857,S2-87473476,S2-916511565,S2-930382947,S2-945808307,S2-985024705,S2-986256216,S3-104521219,S3-195711976,S3-231992200,S3-239822095,S3-262561718,S3-27671604,S3-287003501,S3-289000533,S3-343205595,S3-358002921,S3-394288708,S3-403157488,S3-448642939,S3-465364917,S3-475164562,S3-501167583,S3-512857335,S3-534039870,S3-566239227,S3-576994826,S3-654216843,S3-709629289,S3-738496929,S3-76562507,S3-785748503,S3-788253962,S3-801858031,S3-81458328,S3-814823746,S3-827906890,S3-889694179,S3-89272133,S3-930127335,S3-942347180,S3-982003631,S3-98328680,S3-993648164"
S1-77383698,"S2-124773017,S2-165811411,S2-183406541,S2-18373037,S2-19574277,S2-216373674,S2-220248812,S2-271369594,S2-316927869,S2-371984174,S2-374086598,S2-375564096,S2-434261899,S2-456514313,S2-517286309,S2-598312557,S2-670162547,S2-701271844,S2-744098365,S2-842678300,S2-885493859,S2-904278175,S2-98712145,S3-108876857,S3-123801729,S3-132198355,S3-242645790,S3-265050748,S3-268397330,S3-358249200,S3-372570919,S3-374441171,S3-389986568,S3-492350994,S3-511956443,S3-532248119,S3-546746738,S3-576147302,S3-605923847,S3-609806731,S3-647541936,S3-65006793,S3-662956244,S3-669184485,S3-708655628,S3-73254804,S3-742213830,S3-76144293,S3-785354829,S3-787816527,S3-803349000,S3-803962989,S3-849510245,S3-876629945,S3-915826424,S3-929042212"
S1-273531258,"S2-124955258,S2-193899466,S2-338667337,S2-405257560,S2-407931344,S2-46251183,S2-484483494,S2-591052054,S2-61638653,S2-815296655,S2-883959282,S2-912845741,S2-998526315,S3-120061761,S3-170531435,S3-195152021,S3-239374760,S3-255883482,S3-257516229,S3-312178254,S3-36022841,S3-385744286,S3-393211431,S3-411611556,S3-449899475,S3-459062046,S3-545734968,S3-54668107,S3-554469341,S3-592645237,S3-618620123,S3-808681193,S3-817961537,S3-820536037,S3-828398451,S3-837110090,S3-857251698,S3-891899299,S3-959505405,S3-966295764"
S1-772535560,"S2-388252998,S2-77795814,S3-156891792,S3-515365263,S3-544755829,S3-741089434,S3-982940358"
S1-598136304,"S2-307581333,S2-380293286,S2-503121887,S2-789711646,S2-822636700,S2-862435993,S2-898007046,S3-115737972,S3-203217377,S3-23772767,S3-344640715,S3-366610971,S3-379713185,S3-439161101,S3-5133499,S3-583771140,S3-789561663,S3-797393404,S3-922550338"
S1-789788578,"S2-323265913,S2-599021832,S3-647119104,S3-962623720"
S1-346777444,"S2-872142796,S2-916100653,S3-385641547,S3-575059322,S3-659259580,S3-677935674,S3-722841055,S3-99890981"
S1-544222533,"S2-120433711,S2-135970870,S2-195049104,S2-224740089,S2-226192457,S2-282289965,S2-429174371,S2-497004394,S2-657163367,S2-805771573,S2-866523852,S2-910835933,S2-973294137,S2-97703232,S2-977522459,S2-980090702,S3-134159572,S3-147409593,S3-30677504,S3-4342521,S3-497981703,S3-521889331,S3-570085105,S3-644480512,S3-688194826,S3-837339481,S3-851121897,S3-879284971,S3-964328776"
S1-493959729,"S2-113167816,S2-131145973,S2-138070868,S2-142430598,S2-149726747,S2-159767476,S2-162343921,S2-199899057,S2-203520208,S2-209611691,S2-231093985,S2-278134250,S2-281339595,S2-333794572,S2-33546223,S2-338375951,S2-404433856,S2-441186612,S2-442272503,S2-443074548,S2-44619943,S2-458572579,S2-46776363,S2-474475305,S2-490338223,S2-50658187,S2-535679954,S2-53757306,S2-542382978,S2-547309630,S2-582941382,S2-618287894,S2-626012545,S2-632187802,S2-638299856,S2-665327731,S2-70578260,S2-722125827,S2-754756083,S2-780934806,S2-793723184,S2-798691662,S2-803126271,S2-803775063,S2-80539676,S2-816205149,S2-82167177,S2-844678678,S2-853658588,S2-85673195,S2-857192226,S2-859790502,S2-8824189,S2-909026146,S2-9185162,S2-940684047,S2-962619150,S2-969574474,S2-994349707,S3-134959390,S3-16417101,S3-164453184,S3-173401907,S3-174253794,S3-205836567,S3-216167133,S3-24171086,S3-259402162,S3-268527547,S3-281325984,S3-28336882,S3-289836575,S3-291219749,S3-311368097,S3-31186638,S3-312169458,S3-325381542,S3-329140084,S3-364837058,S3-3698134,S3-378358364,S3-378981027,S3-383865213,S3-416519789,S3-422960650,S3-436755660,S3-439517798,S3-446711063,S3-471966296,S3-474082317,S3-481799066,S3-488950043,S3-492730931,S3-519484294,S3-52578917,S3-534856399,S3-537026154,S3-553126966,S3-586715309,S3-594303924,S3-602488655,S3-611995457,S3-61521409,S3-620644805,S3-644158314,S3-645169822,S3-650068097,S3-673954765,S3-676826832,S3-677039900,S3-680047820,S3-686467773,S3-713846471,S3-728063422,S3-731726245,S3-749802838,S3-800230065,S3-806768497,S3-852939504,S3-862518836,S3-873369919,S3-877937171,S3-885179488,S3-894758497,S3-902741419,S3-913001162,S3-917077567,S3-973665746,S3-976326918,S3-977395304,S3-977399629,S3-984074907,S3-999414760"
S1-430462466,"S2-108197339,S2-109800469,S2-140796098,S2-148054463,S2-224135478,S2-27567325,S2-321662069,S2-41493057,S2-439163135,S2-448776905,S2-467903681,S2-492690381,S2-508639766,S2-516299707,S2-609196645,S2-665541388,S2-66771030,S2-694073194,S2-73289414,S2-754522704,S2-760650160,S2-768694729,S2-772762419,S2-780364055,S2-786791696,S2-789764739,S2-798589387,S2-857352209,S2-871596900,S2-913170244,S2-992926454,S2-995679693,S3-124695610,S3-141829391,S3-160110545,S3-167579991,S3-183282595,S3-207823676,S3-208497251,S3-262451165,S3-310588246,S3-332758132,S3-340507262,S3-361657743,S3-411433637,S3-426617067,S3-435828199,S3-439518272,S3-453208078,S3-462685489,S3-472548374,S3-479846603,S3-484061635,S3-514166056,S3-51841915,S3-585584755,S3-696671435,S3-715398406,S3-726527220,S3-822746818,S3-861035683,S3-867229288,S3-890299204,S3-901997932,S3-919047965,S3-959368796"
S1-792204527,"S2-158075386,S2-179278937,S2-18365563,S2-194169678,S2-226231650,S2-231102077,S2-242613344,S2-255554320,S2-290653819,S2-346858102,S2-348353080,S2-354514418,S2-369916438,S2-396870644,S2-398776557,S2-40757259,S2-450649420,S2-501600114,S2-505323502,S2-516681311,S2-528013516,S2-543138383,S2-582561366,S2-590326016,S2-63388221,S2-679897677,S2-684629919,S2-711765828,S2-716863503,S2-818243239,S2-833094944,S2-856478884,S2-862176636,S2-881203528,S2-898478551,S2-90679754,S2-93190837,S2-942674973,S2-952847200,S2-960258531,S2-994654970,S3-101445995,S3-110941457,S3-138772798,S3-191163468,S3-194572408,S3-198223284,S3-198973907,S3-205497702,S3-20921507,S3-237604674,S3-237912211,S3-285290771,S3-288018665,S3-30589892,S3-309388731,S3-326389043,S3-384466371,S3-399738814,S3-443842865,S3-456540317,S3-485638423,S3-497785097,S3-530169080,S3-576259555,S3-592781893,S3-640433400,S3-646440310,S3-650099057,S3-761075833,S3-781219973,S3-808785869,S3-821203308,S3-897755998,S3-922509128,S3-962107185,S3-962890967,S3-963145614,S3-9703317,S3-994228231,S3-999284976"
S1-788563249,"S2-191731480,S2-289037449,S2-389709697,S2-40748925,S2-422669912,S2-430762516,S2-467586224,S2-489411367,S2-512334398,S2-519059543,S2-545182449,S2-883388357,S2-943795406,S2-995356563,S3-27943567,S3-521317798,S3-537370920,S3-954295435"
S1-198662647,
S1-431137009,"S2-113157655,S2-185518652,S2-273422568,S2-283092026,S2-293383508,S2-315509947,S2-356071529,S2-38143203,S2-410563605,S2-484457398,S2-52165657,S2-530911408,S2-549600276,S2-561214725,S2-57982090,S2-59663373,S2-609278609,S2-640125564,S2-689543554,S2-737422272,S2-810172926,S2-849098189,S2-928558312,S3-165864145,S3-186282900,S3-195073354,S3-358623125,S3-368584918,S3-375091506,S3-397848440,S3-43582073,S3-502827926,S3-588493734,S3-595162842,S3-636596525,S3-745909008,S3-764229107,S3-785350205,S3-794432184,S3-863357453,S3-875641988,S3-909397347,S3-931888098,S3-956449278,S3-977335033,S3-984037302,S3-989472752"
S1-22335277,"S2-308793333,S2-33129806,S2-564837943,S2-625567665,S3-198920357,S3-319648732,S3-927761781,S3-975861198"
S1-291584542,"S2-106131253,S2-126585080,S2-136704136,S2-141279511,S2-148467570,S2-181438613,S2-186023919,S2-243650020,S2-255229609,S2-266261868,S2-276156732,S2-286056733,S2-29668940,S2-308331476,S2-319209427,S2-339379813,S2-342366219,S2-347281970,S2-378238951,S2-409062448,S2-420136109,S2-422567307,S2-468035047,S2-485034147,S2-497130986,S2-501289649,S2-523520824,S2-524597367,S2-550625611,S2-55314679,S2-617361413,S2-621187416,S2-621589502,S2-630817745,S2-632264090,S2-652058261,S2-652356461,S2-654658873,S2-678301580,S2-679959219,S2-705294478,S2-715442998,S2-71556743,S2-716417335,S2-721008812,S2-744863241,S2-750364918,S2-762100643,S2-765163257,S2-805062970,S2-805455211,S2-83078355,S2-832189292,S2-88268880,S2-926799818,S2-936799692,S2-980221946,S2-987155618,S2-993960432,S3-108203751,S3-109368624,S3-111587444,S3-129196886,S3-129557038,S3-132977414,S3-157902210,S3-163053923,S3-185580229,S3-222545350,S3-229000165,S3-230126491,S3-243515600,S3-262252379,S3-309742641,S3-340427346,S3-343893087,S3-344251021,S3-372947550,S3-388722834,S3-390276652,S3-40672741,S3-407246231,S3-444241004,S3-460775970,S3-461375605,S3-466626386,S3-471889293,S3-486367807,S3-50281059,S3-507395885,S3-513384355,S3-524832998,S3-530476205,S3-535972716,S3-542159634,S3-570016803,S3-578468976,S3-583737131,S3-590285256,S3-594285794,S3-597568068,S3-604883637,S3-615318198,S3-618543776,S3-622142660,S3-63911929,S3-672601648,S3-676029954,S3-684102935,S3-697751528,S3-69780371,S3-718446746,S3-719899507,S3-733757981,S3-758542412,S3-767519250,S3-783843091,S3-792972367,S3-795547122,S3-795881793,S3-799394475,S3-812705094,S3-81519970,S3-832117742,S3-843480384,S3-862526689,S3-871390101,S3-875360617,S3-895934233,S3-904003058,S3-905356834,S3-909034607,S3-914790133,S3-914798440,S3-920088425,S3-939308000,S3-939951085,S3-948095170,S3-961008884,S3-969600515,S3-980590060,S3-980745367,S3-98686227"
S1-556611862,"S2-171825543,S2-204135404,S2-357561362,S2-379558632,S2-381425405,S2-625178724,S2-664020544,S2-695751787,S2-705380368,S2-732700346,S2-794033148,S2-952135311,S3-182640390,S3-194827762,S3-327562790,S3-512237319,S3-533440714,S3-578547855,S3-596841193,S3-616804493,S3-626190038,S3-735150035,S3-749747810,S3-766290333,S3-786699127,S3-823807857,S3-865279947,S3-868212832,S3-910633079,S3-954923805,S3-991348616"
S1-32767080,"S2-341701047,S2-413493509,S3-397000094,S3-916907765"
